Barcode,TEX
AAACCTGTCACAATGC-1,TEX
AAAGATGCAATCCGAT-1,TEX
AAATGCCCAGGACCCT-1,TEX
AAATGCCGTAAAGTCA-1,TEX
AACCATGCAGACGCCT-1,TEX
AACGTTGCACACCGAC-1,TEX
AACTGGTAGAGCAATT-1,TEX
AACTGGTCAGTCAGAG-1,TEX
AACTTTCCACCCATTC-1,TEX
AAGCCGCGTTAAGATG-1,TEX
AAGCCGCTCTATCCTA-1,TEX
AAGGAGCGTAAGCACG-1,TEX
AAGTCTGAGAAGGGTA-1,TEX
ACACCAAAGGACAGAA-1,TEX
ACACCAACATTAACCG-1,TEX
ACAGCTACAAATCCGT-1,TEX
ACATACGGTACAGACG-1,TEX
ACATGGTAGACAAGCC-1,TEX
ACATGGTGTAAATGAC-1,TEX
ACCCACTTCATAAAGG-1,TEX
ACGAGCCAGGCCATAG-1,TEX
ACGAGCCGTTGTACAC-1,TEX
ACGAGGACAATCTGCA-1,TEX
ACGAGGACAGCCTGTG-1,TEX
ACGATACAGCGAAGGG-1,TEX
ACGCCGAGTAATAGCA-1,TEX
ACGGAGACAGTTAACC-1,TEX
ACGGCCAAGTGCGATG-1,TEX
ACGGCCACAGCTATTG-1,TEX
ACGGGCTGTAAAGTCA-1,TEX
ACGTCAAAGCCGGTAA-1,TEX
ACTTACTGTGATGATA-1,TEX
ACTTTCAAGGATGGTC-1,TEX
AGACGTTTCCTAGGGC-1,TEX
AGACGTTTCTCGATGA-1,TEX
AGACGTTTCTTGAGGT-1,TEX
AGAGTGGGTCAAAGAT-1,TEX
AGAGTGGTCCTGTAGA-1,TEX
AGATTGCAGACTTGAA-1,TEX
AGATTGCCAACTGGCC-1,TEX
AGGGAGTCACAGTCGC-1,TEX
AGGGAGTTCGATGAGG-1,TEX
AGGGATGGTTCGCGAC-1,TEX
AGGGTGACAGCTGCAC-1,TEX
AGGTCCGCAATGCCAT-1,TEX
AGTTGGTAGATATGGT-1,TEX
AGTTGGTCAATCACAC-1,TEX
ATAAGAGGTATGCTTG-1,TEX
ATAGACCAGACTACAA-1,TEX
ATAGACCGTCTAAACC-1,TEX
ATAGACCTCCAAACAC-1,TEX
ATCACGAAGAGGGATA-1,TEX
ATCCACCGTATCAGTC-1,TEX
ATCTACTAGCAGGCTA-1,TEX
ATGCGATTCTCGTATT-1,TEX
ATTGGACTCAGCATGT-1,TEX
ATTGGTGGTAAGTTCC-1,TEX
CAACTAGTCTATCCTA-1,TEX
CAAGAAAGTTACCGAT-1,TEX
CAAGATCAGCTGTCTA-1,TEX
CAAGGCCAGATGTTAG-1,TEX
CAAGTTGAGAACTCGG-1,TEX
CACACCTCAAGCCGTC-1,TEX
CACAGGCGTGCAGTAG-1,TEX
CACATAGTCCAGGGCT-1,TEX
CACATTTTCCTGCTTG-1,TEX
CAGAATCGTACGAAAT-1,TEX
CAGATCATCAGAAATG-1,TEX
CAGCATATCCCTCTTT-1,TEX
CAGCCGACATATGAGA-1,TEX
CAGCGACGTTGGAGGT-1,TEX
CAGCTAACAACCGCCA-1,TEX
CAGTCCTCAGCTTCGG-1,TEX
CAGTCCTGTCATCGGC-1,TEX
CAGTCCTTCTGCCAGG-1,TEX
CATCGAAGTGGCTCCA-1,TEX
CATGACATCATAGCAC-1,TEX
CATTATCCATGCTGGC-1,TEX
CATTATCTCTGGGCCA-1,TEX
CCACCTACAATAACGA-1,TEX
CCACGGACATGGTAGG-1,TEX
CCACGGAGTATTCTCT-1,TEX
CCACGGATCATCGGAT-1,TEX
CCACTACGTGTAAGTA-1,TEX
CCGTACTCAAGGTTTC-1,TEX
CCTAAAGGTAAACGCG-1,TEX
CCTAGCTAGGGTTTCT-1,TEX
CCTATTATCCGTCAAA-1,TEX
CGAACATGTAAGTTCC-1,TEX
CGACCTTCAGCTATTG-1,TEX
CGACTTCTCAGCATGT-1,TEX
CGACTTCTCCTCAACC-1,TEX
CGAGCACAGTTAGCGG-1,TEX
CGAGCCAAGAATAGGG-1,TEX
CGCGTTTAGATAGTCA-1,TEX
CGCTGGAAGTTGTAGA-1,TEX
CGCTTCACAAACAACA-1,TEX
CGGCTAGCACCCAGTG-1,TEX
CGGCTAGGTGCCTTGG-1,TEX
CGGTTAAGTCTGCCAG-1,TEX
CGTCTACTCCAAACAC-1,TEX
CGTTAGAGTACATGTC-1,TEX
CTAAGACCATGATCCA-1,TEX
CTAATGGAGACTGTAA-1,TEX
CTACACCGTCGGCTCA-1,TEX
CTACATTTCACCAGGC-1,TEX
CTAGCCTGTAAACACA-1,TEX
CTAGCCTGTATGAAAC-1,TEX
CTCATTATCTTAGAGC-1,TEX
CTCCTAGGTTTGGCGC-1,TEX
CTCCTAGTCCCAAGAT-1,TEX
CTCGAAACACCATCCT-1,TEX
CTCGAGGCACATCTTT-1,TEX
CTCTAATAGCACCGCT-1,TEX
CTGCCTACACGTGAGA-1,TEX
CTGCTGTGTATAGTAG-1,TEX
CTGCTGTTCATCGGAT-1,TEX
CTGGTCTAGACTTTCG-1,TEX
CTTACCGCAGCAGTTT-1,TEX
CTTCTCTGTTCAGTAC-1,TEX
CTTTGCGAGGCTAGGT-1,TEX
CTTTGCGAGTGGTAAT-1,TEX
CTTTGCGCAGTCACTA-1,TEX
GAATGAAAGGTGACCA-1,TEX
GACAGAGTCTACCAGA-1,TEX
GACCAATTCTTGCAAG-1,TEX
GACGTTATCATAGCAC-1,TEX
GACTAACTCGCCTGTT-1,TEX
GACTGCGCAGTAACGG-1,TEX
GAGTCCGAGGGCTCTC-1,TEX
GAGTCCGCACGTTGGC-1,TEX
GAGTCCGTCACGACTA-1,TEX
GATCGCGAGCACCGCT-1,TEX
GATCGTAGTAAGGGCT-1,TEX
GATCTAGGTTGACGTT-1,TEX
GATGAAATCAGTGCAT-1,TEX
GATGAGGGTAATCACC-1,TEX
GATTCAGAGCAGATCG-1,TEX
GATTCAGAGGAGTAGA-1,TEX
GATTCAGAGGTGTGGT-1,TEX
GATTCAGGTGCTTCTC-1,TEX
GATTCAGGTGTTCTTT-1,TEX
GCAATCAAGTAGCGGT-1,TEX
GCATGATGTCTAAAGA-1,TEX
GCCTCTATCCTTTACA-1,TEX
GCGAGAACAAGTAGTA-1,TEX
GCGAGAATCACCTCGT-1,TEX
GCGCAACTCTATCGCC-1,TEX
GCGCAGTGTCTCGTTC-1,TEX
GCGCCAAAGGCCCTCA-1,TEX
GCGCGATAGTTGTCGT-1,TEX
GCTCCTAAGGCATTGG-1,TEX
GCTCCTAGTGGTCCGT-1,TEX
GCTCCTATCCGAGCCA-1,TEX
GCTGCAGTCGTTACAG-1,TEX
GCTGCGAGTCTCTCTG-1,TEX
GCTTCCATCGGAAACG-1,TEX
GGAAAGCGTAGCACGA-1,TEX
GGAACTTGTCTAGGTT-1,TEX
GGACATTCACGGTAGA-1,TEX
GGATTACAGGACGAAA-1,TEX
GGCAATTTCGATAGAA-1,TEX
GGCGACTAGACCTAGG-1,TEX
GGCGACTAGCTACCGC-1,TEX
GGCGTGTGTTCCTCCA-1,TEX
GGCTGGTTCCTACAGA-1,TEX
GGGTCTGTCTTGCCGT-1,TEX
GGGTTGCTCGACCAGC-1,TEX
GTACGTAAGGCTACGA-1,TEX
GTACGTAGTAACGACG-1,TEX
GTACTTTAGCGATGAC-1,TEX
GTATTCTTCAACGCTA-1,TEX
GTCACGGTCGAACTGT-1,TEX
GTCCTCACATGCCTAA-1,TEX
GTCTCGTAGTGCGATG-1,TEX
GTGCAGCAGGAATCGC-1,TEX
GTGCATAGTGTAACGG-1,TEX
GTGCTTCGTTCTCATT-1,TEX
GTTAAGCAGAGCTGGT-1,TEX
GTTAAGCCAGATAATG-1,TEX
GTTTCTAAGTCCCACG-1,TEX
TACACGAGTAATCACC-1,TEX
TACACGAGTTCGTTGA-1,TEX
TACAGTGTCTAGAGTC-1,TEX
TACGGGCCAGCTCGCA-1,TEX
TACGGGCTCCTTCAAT-1,TEX
TACGGTACAACACCTA-1,TEX
TACTTACCATAGGATA-1,TEX
TAGCCGGAGTAGGCCA-1,TEX
TAGTGGTGTCAAAGCG-1,TEX
TATCTCATCGTTACAG-1,TEX
TATGCCCTCATCACCC-1,TEX
TATGCCCTCCCGGATG-1,TEX
TATTACCTCCAAGTAC-1,TEX
TCAACGACATCACGTA-1,TEX
TCAACGAGTCCGAAGA-1,TEX
TCACAAGCAGGGTATG-1,TEX
TCACAAGTCACATGCA-1,TEX
TCACGAACAATGAATG-1,TEX
TCACGAAGTAACGCGA-1,TEX
TCAGCAATCCAAAGTC-1,TEX
TCATTACAGAGTCTGG-1,TEX
TCCACACGTTATGCGT-1,TEX
TCGGTAACACATCTTT-1,TEX
TCGTACCGTCATGCAT-1,TEX
TCTTCGGGTAAGGGAA-1,TEX
TGAAAGAAGTATTGGA-1,TEX
TGACGGCAGAGACGAA-1,TEX
TGACGGCTCGTGACAT-1,TEX
TGACTAGGTAATAGCA-1,TEX
TGACTTTAGATGTGGC-1,TEX
TGAGCATCAAACGTGG-1,TEX
TGAGGGACAATCAGAA-1,TEX
TGATTTCAGGGTCTCC-1,TEX
TGCCAAAGTAGGGTAC-1,TEX
TGCCCTACACAGCCCA-1,TEX
TGCGGGTGTCAAAGAT-1,TEX
TGCTGCTAGCGGATCA-1,TEX
TGGCCAGCAGTGAGTG-1,TEX
TGGTTCCAGGGTCTCC-1,TEX
TGTCCCAGTTATGCGT-1,TEX
TGTCCCATCCTTGGTC-1,TEX
TGTGGTAAGCGTGAGT-1,TEX
TGTTCCGGTTCCATGA-1,TEX
TTAACTCCAAGGACAC-1,TEX
TTAGGCACACCTCGTT-1,TEX
TTAGGCACATAGACTC-1,TEX
TTCCCAGCATGGTTGT-1,TEX
TTCTCAACAGGTCGTC-1,TEX
TTCTCCTGTACGCTGC-1,TEX
TTGAACGTCCCTCTTT-1,TEX
TTTCCTCGTCTCGTTC-1,TEX
TTTGTCAGTCCTCCAT-1,TEX
AAACGGGGTACACCGC-2,TEX
AAACGGGTCTTATCTG-2,TEX
AAAGATGGTCTAGTGT-2,TEX
AAAGTAGAGAGTCTGG-2,TEX
AACCATGGTACAGACG-2,TEX
AACCATGGTGTTAAGA-2,TEX
AACCGCGCAAGAAGAG-2,TEX
AACTCTTGTCATACTG-2,TEX
AACTCTTTCGAGAGCA-2,TEX
AACTTTCTCTTTAGTC-2,TEX
AAGCCGCCAATGGATA-2,TEX
AAGGAGCAGTCTCAAC-2,TEX
ACACCGGCACCTCGTT-2,TEX
ACACTGACAGCCTATA-2,TEX
ACATCAGAGGATGTAT-2,TEX
ACCAGTAGTAGAAAGG-2,TEX
ACCTTTACAGTTCCCT-2,TEX
ACCTTTATCAAGATCC-2,TEX
ACGAGCCCACTACAGT-2,TEX
ACGAGCCCAGGGTATG-2,TEX
ACGAGGATCTGCAAGT-2,TEX
ACGCCGAAGCGCCTCA-2,TEX
ACGCCGACATGGTCTA-2,TEX
ACGCCGAGTAGCCTAT-2,TEX
ACGGAGATCCTCTAGC-2,TEX
ACTATCTGTGTAATGA-2,TEX
ACTGAACCACAGTCGC-2,TEX
ACTGAACGTGTGAAAT-2,TEX
ACTGTCCGTCCGACGT-2,TEX
AGAATAGCAAGCTGGA-2,TEX
AGACGTTCACGCCAGT-2,TEX
AGAGCGACATTAGGCT-2,TEX
AGCAGCCGTCTAGTGT-2,TEX
AGCATACGTTTAGGAA-2,TEX
AGCCTAAAGGATGGAA-2,TEX
AGCTCCTAGATCACGG-2,TEX
AGCTCCTCAGACAGGT-2,TEX
AGCTTGAAGTTTAGGA-2,TEX
AGTCTTTGTTCCGTCT-2,TEX
AGTGGGATCGAACTGT-2,TEX
AGTTGGTAGCTAGTGG-2,TEX
ATGCGATGTTCAACCA-2,TEX
ATGGGAGCATGTAAGA-2,TEX
ATTACTCTCAATCTCT-2,TEX
ATTGGACGTGCAGTAG-2,TEX
ATTTCTGAGAAACCGC-2,TEX
CAACTAGTCAAACCGT-2,TEX
CAAGAAAGTTATCACG-2,TEX
CAAGGCCCAGCTGCTG-2,TEX
CACTCCACAAGCCCAC-2,TEX
CAGAGAGCACGTCTCT-2,TEX
CAGATCAGTGTGAAAT-2,TEX
CAGCTAAGTACGACCC-2,TEX
CAGCTGGCAGCTTCGG-2,TEX
CATATGGAGTCAAGCG-2,TEX
CATATGGTCGGCGGTT-2,TEX
CATCAAGTCATCACCC-2,TEX
CCACCTATCCCATTTA-2,TEX
CCAGCGACAATACGCT-2,TEX
CCATGTCTCGGTCCGA-2,TEX
CGACTTCTCGGACAAG-2,TEX
CGAGAAGAGGATTCGG-2,TEX
CGCGGTACACCATGTA-2,TEX
CGCGTTTCACAGCCCA-2,TEX
CGCGTTTTCTTGTATC-2,TEX
CGCTGGAGTGATAAGT-2,TEX
CGGACTGAGGCAGTCA-2,TEX
CGGACTGGTCTGATTG-2,TEX
CGGAGTCAGACCTAGG-2,TEX
CGTCACTGTGACTCAT-2,TEX
CGTCCATGTCGGCTCA-2,TEX
CGTGAGCGTGGTCCGT-2,TEX
CGTGTCTGTTCAGGCC-2,TEX
CGTTAGACATTCCTGC-2,TEX
CTACATTGTTGTGGCC-2,TEX
CTACGTCAGAAGGTTT-2,TEX
CTAGAGTTCAATAAGG-2,TEX
CTAGTGAGTCCGTCAG-2,TEX
CTCGAAATCGTTTATC-2,TEX
CTCGGGACATCGGAAG-2,TEX
CTCGGGAGTTCACGGC-2,TEX
CTCTGGTAGTTCGATC-2,TEX
CTCTGGTGTTGCCTCT-2,TEX
CTGAAACCAGCTGCAC-2,TEX
CTGCGGAGTCTTCAAG-2,TEX
CTGGTCTTCGCAGGCT-2,TEX
CTTAACTGTTCGGGCT-2,TEX
CTTTGCGGTTGTTTGG-2,TEX
CTTTGCGTCATCATTC-2,TEX
GACAGAGGTCTCACCT-2,TEX
GACCAATCATGCGCAC-2,TEX
GACTGCGGTCGGGTCT-2,TEX
GAGGTGAAGACCGGAT-2,TEX
GAGTCCGAGACAATAC-2,TEX
GATCGTAGTATCACCA-2,TEX
GATGCTACACAACTGT-2,TEX
GATTCAGCACGGTAGA-2,TEX
GCATACACAATCTACG-2,TEX
GCATGATAGGTGCACA-2,TEX
GCATGATGTGGGTCAA-2,TEX
GCCAAATAGACAGAGA-2,TEX
GCCAAATAGTGAAGTT-2,TEX
GCCAAATCAATCCGAT-2,TEX
GCGCAACAGCTCCTCT-2,TEX
GCGCAGTCATCACGAT-2,TEX
GCTTCCACACGAGGTA-2,TEX
GGAAAGCAGGCGACAT-2,TEX
GGAATAACAGATCCAT-2,TEX
GGAATAATCTTGCAAG-2,TEX
GGACGTCTCCGCGGTA-2,TEX
GGATTACAGCCCTAAT-2,TEX
GGATTACCAAAGGTGC-2,TEX
GGCAATTCACCGGAAA-2,TEX
GGGAATGGTTGGTTTG-2,TEX
GGGACCTAGGAATTAC-2,TEX
GGGAGATAGAAGGACA-2,TEX
GGGAGATAGACACTAA-2,TEX
GGGATGATCCCTCTTT-2,TEX
GGGCACTAGATAGCAT-2,TEX
GGGCATCTCTACCAGA-2,TEX
GGTATTGTCCACGACG-2,TEX
GGTGCGTGTTTAGCTG-2,TEX
GTAGTCAGTGTGAATA-2,TEX
GTATCTTAGGGTCTCC-2,TEX
GTCAAGTGTAAGGGAA-2,TEX
GTGCAGCTCGACGGAA-2,TEX
GTGCGGTGTATATGGA-2,TEX
GTGCTTCAGCGTCTAT-2,TEX
GTGGGTCCATGCGCAC-2,TEX
GTTACAGTCGCGTTTC-2,TEX
GTTCGGGCAATCGAAA-2,TEX
TAAGAGAGTATATGGA-2,TEX
TAAGAGAGTCTCTCTG-2,TEX
TAAGTGCAGGAGCGTT-2,TEX
TACACGAAGTTTAGGA-2,TEX
TACCTATTCCCGACTT-2,TEX
TACGGATTCTCTAGGA-2,TEX
TAGGCATCATACCATG-2,TEX
TAGTGGTAGAAGCCCA-2,TEX
TCAGGTACAAGCTGGA-2,TEX
TCATTACGTAGAGGAA-2,TEX
TCCCGATCATGTCTCC-2,TEX
TCCCGATGTTCGTGAT-2,TEX
TCGCGAGAGACAGACC-2,TEX
TCGGGACGTACAGTGG-2,TEX
TCGGTAAGTAGGGACT-2,TEX
TCTTTCCTCCAAACAC-2,TEX
TGAAAGATCTTGAGAC-2,TEX
TGACTTTTCCTACAGA-2,TEX
TGAGCCGCAACTGGCC-2,TEX
TGAGGGAAGTCTCCTC-2,TEX
TGGGAAGGTCGACTGC-2,TEX
TGGTTAGGTAGCTCCG-2,TEX
TGGTTAGGTCTGCCAG-2,TEX
TGTCCCATCGTCTGCT-2,TEX
TGTGGTAGTAATCACC-2,TEX
TGTTCCGTCACCTCGT-2,TEX
TTAACTCAGTACGCCC-2,TEX
TTATGCTCACGACTCG-2,TEX
TTCTTAGCAGGACGTA-2,TEX
TTGGCAAAGTAACCCT-2,TEX
TTGTAGGGTGCAACTT-2,TEX
TTTGGTTTCTAGAGTC-2,TEX
TTTGTCATCGAGAGCA-2,TEX
AAACCTGCAATCAGAA-3,TEX
AAACCTGTCATTTGGG-3,TEX
AAACGGGCATAACCTG-3,TEX
AAAGATGAGAAACCGC-3,TEX
AAAGATGAGTAGGTGC-3,TEX
AAATGCCCAAGCTGGA-3,TEX
AACACGTTCTAACGGT-3,TEX
AACCATGCAATAACGA-3,TEX
AACCGCGAGAAACGAG-3,TEX
AACGTTGTCGCCGTGA-3,TEX
AACTCCCTCTGGCGAC-3,TEX
AACTGGTTCCTGCTTG-3,TEX
AACTTTCTCTGGAGCC-3,TEX
AAGACCTTCGATGAGG-3,TEX
AAGGAGCAGACTTGAA-3,TEX
AAGGAGCTCCTCTAGC-3,TEX
AAGGTTCAGCTAACAA-3,TEX
AAGGTTCCATTATCTC-3,TEX
AAGGTTCGTAGGCATG-3,TEX
AATCCAGTCGTAGGTT-3,TEX
AATCGGTCAGCTGTTA-3,TEX
AATCGGTTCTCGTATT-3,TEX
ACACCAAAGCAGCCTC-3,TEX
ACACCAAGTACAGTTC-3,TEX
ACACTGACATCACCCT-3,TEX
ACATACGGTACTTCTT-3,TEX
ACATACGGTTGGTAAA-3,TEX
ACATCAGCAATAGCAA-3,TEX
ACATGGTAGTAGCGGT-3,TEX
ACCGTAAAGATGTTAG-3,TEX
ACGAGGAGTGGCAAAC-3,TEX
ACGATACGTAGCTGCC-3,TEX
ACGATGTTCAGCGATT-3,TEX
ACGCAGCTCCGCATCT-3,TEX
ACGCCAGTCTTTAGGG-3,TEX
ACGGGCTTCCACTCCA-3,TEX
ACGGGTCCAGAGCCAA-3,TEX
ACGGGTCTCAATACCG-3,TEX
ACGTCAACATGCCTTC-3,TEX
ACTATCTTCCTCATTA-3,TEX
ACTGAACAGTCCGTAT-3,TEX
ACTGAACAGTGTCCAT-3,TEX
ACTGAACTCTAACCGA-3,TEX
ACTGAGTAGGGAAACA-3,TEX
ACTGAGTCACAAGCCC-3,TEX
ACTGATGTCACGACTA-3,TEX
AGACGTTGTTCGTCTC-3,TEX
AGACGTTTCTTGACGA-3,TEX
AGAGTGGCAAGTAATG-3,TEX
AGAGTGGCACGCATCG-3,TEX
AGATCTGAGCTACCTA-3,TEX
AGATCTGTCCCAAGTA-3,TEX
AGCAGCCAGAAAGTGG-3,TEX
AGCAGCCCATCCTAGA-3,TEX
AGCCTAAGTAAACCTC-3,TEX
AGCCTAATCACTCTTA-3,TEX
AGCCTAATCGACAGCC-3,TEX
AGCGTATGTACCGTAT-3,TEX
AGCTCCTAGACATAAC-3,TEX
AGCTTGATCCTAGTGA-3,TEX
AGGCCGTCAAGTCATC-3,TEX
AGGTCCGAGCGATTCT-3,TEX
AGTAGTCAGGCCCTTG-3,TEX
AGTAGTCCACAAGTAA-3,TEX
AGTCTTTTCCACTGGG-3,TEX
AGTCTTTTCTTGCAAG-3,TEX
AGTGAGGTCGGTTAAC-3,TEX
AGTTGGTAGGGTGTTG-3,TEX
ATAACGCTCGTCTGAA-3,TEX
ATAAGAGCACATTCGA-3,TEX
ATAGACCGTAGGGTAC-3,TEX
ATCACGAGTTCATGGT-3,TEX
ATCATCTAGCACCGTC-3,TEX
ATCATGGTCCGCAGTG-3,TEX
ATCCACCGTTCCAACA-3,TEX
ATCCGAAGTAATCGTC-3,TEX
ATCCGAATCTCGTATT-3,TEX
ATGAGGGTCATATCGG-3,TEX
ATTACTCAGCATGGCA-3,TEX
ATTACTCAGTATCTCG-3,TEX
ATTATCCAGCTTATCG-3,TEX
ATTCTACAGATGCCTT-3,TEX
ATTGGACCAATGGACG-3,TEX
ATTGGACTCGGAATCT-3,TEX
ATTGGTGTCCACTCCA-3,TEX
ATTTCTGCAAGAAAGG-3,TEX
ATTTCTGCATTCTTAC-3,TEX
CAACCTCAGAGGGCTT-3,TEX
CAACTAGAGCGATCCC-3,TEX
CAAGGCCAGACTAGAT-3,TEX
CAAGGCCTCGATCCCT-3,TEX
CAAGGCCTCTCTGTCG-3,TEX
CACAAACGTGAACCTT-3,TEX
CACACAAGTCCCGACA-3,TEX
CACACAATCGTGTAGT-3,TEX
CACACCTCAGTAACGG-3,TEX
CACACTCAGTTGAGTA-3,TEX
CACACTCTCCAATGGT-3,TEX
CACAGGCCAATAAGCA-3,TEX
CACCACTGTATAGGGC-3,TEX
CACCAGGCATCATCCC-3,TEX
CACCAGGTCAGCTTAG-3,TEX
CACCAGGTCCACGACG-3,TEX
CACCTTGCATTGAGCT-3,TEX
CACTCCATCTCACATT-3,TEX
CAGAATCAGGAACTGC-3,TEX
CAGAGAGGTAAGGATT-3,TEX
CAGAGAGGTCCCTACT-3,TEX
CAGCAGCAGTCCGTAT-3,TEX
CAGCGACCAAGGACAC-3,TEX
CAGCTAAAGACGCACA-3,TEX
CAGCTGGAGGACGAAA-3,TEX
CATCGAAAGTACGATA-3,TEX
CATCGGGTCTAACCGA-3,TEX
CATGCCTAGACCACGA-3,TEX
CCAATCCGTAAATGAC-3,TEX
CCAATCCTCGTCTGAA-3,TEX
CCACTACTCCTCTAGC-3,TEX
CCAGCGAAGTATTGGA-3,TEX
CCAGCGACACTTACGA-3,TEX
CCGGTAGGTACTCGCG-3,TEX
CCGTACTGTTAAAGTG-3,TEX
CCGTTCATCAGTTCGA-3,TEX
CCTAAAGAGGATATAC-3,TEX
CCTACCACATGCCTTC-3,TEX
CCTAGCTCATCACAAC-3,TEX
CCTAGCTGTGTGCCTG-3,TEX
CCTCAGTGTTACCGAT-3,TEX
CGAACATAGCACGCCT-3,TEX
CGAACATCATCGGAAG-3,TEX
CGAACATGTCTGGTCG-3,TEX
CGAACATTCACCTTAT-3,TEX
CGACCTTAGCGACGTA-3,TEX
CGATCGGTCCCTGACT-3,TEX
CGATGGCGTTCACGGC-3,TEX
CGATGGCTCAACCAAC-3,TEX
CGATGTAAGTCGTACT-3,TEX
CGATGTAGTGCAGGTA-3,TEX
CGCCAAGAGGTGCACA-3,TEX
CGCCAAGCATACGCCG-3,TEX
CGCCAAGGTATATGAG-3,TEX
CGCGGTACAGGCTCAC-3,TEX
CGCGGTACATTTGCCC-3,TEX
CGCGTTTAGGAATGGA-3,TEX
CGCGTTTTCTGCAGTA-3,TEX
CGCTGGACAATCCGAT-3,TEX
CGCTTCAAGACACTAA-3,TEX
CGGACACAGTCGTACT-3,TEX
CGGACTGGTTAAGATG-3,TEX
CGGAGCTCACTAGTAC-3,TEX
CGGAGTCTCGATAGAA-3,TEX
CGTAGGCCAGAAGCAC-3,TEX
CGTCTACCATGAGCGA-3,TEX
CGTCTACGTTCCACGG-3,TEX
CGTGTCTCACCGTTGG-3,TEX
CGTGTCTTCAATACCG-3,TEX
CGTTCTGTCTACCAGA-3,TEX
CTAACTTAGCAGGTCA-3,TEX
CTAAGACTCAGTCCCT-3,TEX
CTAATGGTCCACTGGG-3,TEX
CTACATTTCGGCATCG-3,TEX
CTAGCCTAGAATCTCC-3,TEX
CTAGCCTCACGGTAGA-3,TEX
CTCACACGTTCCATGA-3,TEX
CTCCTAGAGCTGAACG-3,TEX
CTCCTAGTCTTGAGAC-3,TEX
CTCGAGGAGGATGCGT-3,TEX
CTCGGGAAGTATGACA-3,TEX
CTCGTCAAGACAGACC-3,TEX
CTCTAATAGTGCCATT-3,TEX
CTCTAATCAGGTCGTC-3,TEX
CTCTAATTCGTATCAG-3,TEX
CTGATAGAGAGCCCAA-3,TEX
CTGATAGCAAACCTAC-3,TEX
CTGATCCCAATTCCTT-3,TEX
CTGATCCCAGAGTGTG-3,TEX
CTGCCTAGTGACTCAT-3,TEX
CTGCCTATCGCTAGCG-3,TEX
CTGCGGACAGGAATGC-3,TEX
CTGCTGTTCGCAAGCC-3,TEX
CTGCTGTTCTAGAGTC-3,TEX
CTGGTCTCATAGACTC-3,TEX
CTGTGCTAGACTAAGT-3,TEX
CTTAGGAGTCTAACGT-3,TEX
CTTGGCTAGGCATGTG-3,TEX
CTTGGCTCATTCACTT-3,TEX
CTTTGCGAGACCTTTG-3,TEX
GAACATCTCCTTAATC-3,TEX
GAACGGACATCCAACA-3,TEX
GAAGCAGAGGCGACAT-3,TEX
GAATAAGGTACCGTAT-3,TEX
GAATGAATCTGGGCCA-3,TEX
GACACGCGTGTGAATA-3,TEX
GACACGCTCTCTGCTG-3,TEX
GACCTGGAGTAACCCT-3,TEX
GACGGCTTCATTCACT-3,TEX
GACGTGCAGCCCAATT-3,TEX
GACGTTAAGTGTGAAT-3,TEX
GACGTTACATGTCGAT-3,TEX
GACTACAAGACAAAGG-3,TEX
GACTACAGTTACTGAC-3,TEX
GAGCAGAGTTCGAATC-3,TEX
GAGGTGATCGTACGGC-3,TEX
GAGTCCGTCCTCATTA-3,TEX
GATCAGTGTGAAATCA-3,TEX
GATCAGTGTGAGCGAT-3,TEX
GATCGCGGTTTGTTGG-3,TEX
GATCGTAAGATGGGTC-3,TEX
GATCGTATCCGTACAA-3,TEX
GATCGTATCGGTGTCG-3,TEX
GATGCTACATACTACG-3,TEX
GCAATCACACAACTGT-3,TEX
GCAATCACAGGACCCT-3,TEX
GCACATATCGACCAGC-3,TEX
GCACTCTTCGATGAGG-3,TEX
GCAGCCATCACCCGAG-3,TEX
GCAGCCATCTGCGACG-3,TEX
GCATACATCCAATGGT-3,TEX
GCATGTAAGACCACGA-3,TEX
GCATGTATCTGATACG-3,TEX
GCCAAATCATGGGACA-3,TEX
GCGACCACAGGCGATA-3,TEX
GCGACCATCCGTTGTC-3,TEX
GCGACCATCGTAGGAG-3,TEX
GCGCAGTCATAAGACA-3,TEX
GCGCCAACAATAGCAA-3,TEX
GCGGGTTCATCGTCGG-3,TEX
GCTCCTAGTGCCTGTG-3,TEX
GCTGCAGCACCGAAAG-3,TEX
GCTGCAGCATGTTGAC-3,TEX
GCTGCGACAGGAACGT-3,TEX
GCTGCTTCAGAGCCAA-3,TEX
GCTGGGTTCGAGGTAG-3,TEX
GGAAAGCGTGCTCTTC-3,TEX
GGAACTTAGAAGAAGC-3,TEX
GGAACTTAGGACTGGT-3,TEX
GGAACTTAGGGTGTGT-3,TEX
GGAATAAAGTAGTGCG-3,TEX
GGACAGAAGTGAACGC-3,TEX
GGATGTTAGTTCGCAT-3,TEX
GGATGTTGTCTTGATG-3,TEX
GGATTACAGTCGCCGT-3,TEX
GGCGACTGTAGAAGGA-3,TEX
GGCGACTTCGGAAACG-3,TEX
GGGAATGCACAGACTT-3,TEX
GGGAATGTCACTTACT-3,TEX
GGGAGATTCCTCGCAT-3,TEX
GGGAGATTCTCACATT-3,TEX
GGGCATCCACCGAATT-3,TEX
GGGTCTGGTTAAGGGC-3,TEX
GGGTCTGGTTCCGTCT-3,TEX
GGGTCTGTCGCCCTTA-3,TEX
GGGTCTGTCTCAACTT-3,TEX
GGTATTGTCCTTGCCA-3,TEX
GGTGAAGTCTCTAAGG-3,TEX
GGTGTTATCAGAGCTT-3,TEX
GTACTCCAGTTCGCAT-3,TEX
GTACTCCTCTCATTCA-3,TEX
GTAGGCCAGTGTCTCA-3,TEX
GTATTCTAGAAACGCC-3,TEX
GTATTCTAGTGGTAAT-3,TEX
GTATTCTTCCGCGGTA-3,TEX
GTCAAGTCACATTCGA-3,TEX
GTCACAAAGTGCCAGA-3,TEX
GTCACAATCAGCATGT-3,TEX
GTCACGGAGGAATTAC-3,TEX
GTCACGGCAGCTCGAC-3,TEX
GTCATTTAGGCCGAAT-3,TEX
GTCTCGTAGTACCGGA-3,TEX
GTGAAGGAGCTGAACG-3,TEX
GTGCATAAGGCTACGA-3,TEX
GTTACAGCAACACCTA-3,TEX
GTTACAGGTAGTACCT-3,TEX
GTTCATTCAAGTTCTG-3,TEX
GTTCATTCACGAGGTA-3,TEX
GTTTCTAAGTGTCCCG-3,TEX
TAAACCGAGTTGAGAT-3,TEX
TAAACCGTCGCTAGCG-3,TEX
TAAACCGTCTGTCTAT-3,TEX
TAAGAGAAGGTTACCT-3,TEX
TAAGTGCAGACATAAC-3,TEX
TAAGTGCCACCGCTAG-3,TEX
TAAGTGCCAGAAGCAC-3,TEX
TAAGTGCCATGCTAGT-3,TEX
TACCTTACATAGTAAG-3,TEX
TACGGATGTAGCGATG-3,TEX
TACTCATCAGTGGAGT-3,TEX
TACTCGCTCACTTACT-3,TEX
TACTTACCAGCTGCTG-3,TEX
TAGAGCTAGACCACGA-3,TEX
TAGCCGGGTAAGTGTA-3,TEX
TAGTGGTAGGACAGCT-3,TEX
TAGTTGGAGGTAGCCA-3,TEX
TAGTTGGCAACGCACC-3,TEX
TATCAGGAGAAGGACA-3,TEX
TATGCCCGTCCGAACC-3,TEX
TATTACCGTACCGCTG-3,TEX
TATTACCTCCGTCAAA-3,TEX
TCAACGAAGACTGGGT-3,TEX
TCAGATGCACAGCCCA-3,TEX
TCAGATGTCCGCAGTG-3,TEX
TCAGATGTCCTAGAAC-3,TEX
TCAGCAAAGGATATAC-3,TEX
TCAGCTCGTAAGGATT-3,TEX
TCAGCTCGTCCAAGTT-3,TEX
TCAGCTCTCTGTTTGT-3,TEX
TCAGGTAAGCTGGAAC-3,TEX
TCATTACGTGACGGTA-3,TEX
TCATTTGAGCTAGCCC-3,TEX
TCATTTGTCCTCATTA-3,TEX
TCCACACTCCTGTAGA-3,TEX
TCGAGGCAGTCTTGCA-3,TEX
TCGGTAAAGCTAGTGG-3,TEX
TCGTACCTCTACTATC-3,TEX
TCGTAGACATTTGCTT-3,TEX
TCTATTGGTCGCTTCT-3,TEX
TCTGGAAAGAGGACGG-3,TEX
TCTGGAAGTTGGGACA-3,TEX
TCTGGAATCATGTAGC-3,TEX
TCTTTCCAGCCGATTT-3,TEX
TCTTTCCTCAGGCAAG-3,TEX
TGACGGCCAATACGCT-3,TEX
TGAGGGACACACTGCG-3,TEX
TGAGGGACACATTAGC-3,TEX
TGATTTCCAACTGGCC-3,TEX
TGCACCTGTACACCGC-3,TEX
TGCCAAAAGTGTCCCG-3,TEX
TGCCAAATCCGCGGTA-3,TEX
TGCCCATGTCGCTTTC-3,TEX
TGCCCTACAATCGAAA-3,TEX
TGCGGGTAGCAGCGTA-3,TEX
TGCGGGTTCCAATGGT-3,TEX
TGCGTGGCACGGATAG-3,TEX
TGCTACCTCGTACGGC-3,TEX
TGCTGCTCACCCATTC-3,TEX
TGCTGCTCAGTTTACG-3,TEX
TGGACGCGTGTCGCTG-3,TEX
TGGACGCTCAGAGACG-3,TEX
TGGCGCATCACTCCTG-3,TEX
TGGCTGGAGACGACGT-3,TEX
TGGCTGGAGCATCATC-3,TEX
TGGCTGGGTAACGTTC-3,TEX
TGGGCGTCAAGGTGTG-3,TEX
TGGTTAGTCCCAACGG-3,TEX
TGGTTCCAGCTATGCT-3,TEX
TGTATTCCACTATCTT-3,TEX
TGTGGTAAGACGCACA-3,TEX
TGTGGTAGTCATATCG-3,TEX
TGTTCCGAGATACACA-3,TEX
TGTTCCGGTCTCTCTG-3,TEX
TTAACTCAGAAACGAG-3,TEX
TTAACTCGTTTGTTGG-3,TEX
TTAGGACTCACTGGGC-3,TEX
TTAGGACTCTACTCAT-3,TEX
TTAGGCAAGGTGATTA-3,TEX
TTAGGCACAGATGGGT-3,TEX
TTAGTTCGTATGAAAC-3,TEX
TTATGCTAGATATGGT-3,TEX
TTCCCAGAGCTTATCG-3,TEX
TTCGGTCCAAGTACCT-3,TEX
TTCTACAGTAAACGCG-3,TEX
TTCTACATCAATACCG-3,TEX
TTCTCCTCAGGCTGAA-3,TEX
TTCTCCTGTGCCTTGG-3,TEX
TTGAACGAGATCGGGT-3,TEX
TTGACTTAGACCACGA-3,TEX
TTGCGTCAGACTCGGA-3,TEX
TTTACTGCATTACCTT-3,TEX
TTTCCTCCAATCTGCA-3,TEX
TTTCCTCTCTCTGCTG-3,TEX
TTTGCGCTCCCGACTT-3,TEX
TTTGGTTTCACCGGGT-3,TEX
TTTGTCAGTTCAACCA-3,TEX
TTTGTCATCTAACCGA-3,TEX
AAACGGGCAATGGTCT-4,TEX
AAATGCCGTGTTGGGA-4,TEX
AACACGTCAGGTTTCA-4,TEX
AACCATGGTACATCCA-4,TEX
AACCATGTCGCTTGTC-4,TEX
AACGTTGTCCAGTATG-4,TEX
AACTCAGAGGCTACGA-4,TEX
AACTCAGGTGACTACT-4,TEX
AACTCCCCAGTGACAG-4,TEX
AACTCCCTCGCGATCG-4,TEX
AACTGGTAGACGACGT-4,TEX
AACTGGTGTTGCTCCT-4,TEX
AACTTTCTCTTGAGGT-4,TEX
AAGGTTCAGAATTCCC-4,TEX
AATCCAGCAGCTCGCA-4,TEX
AATCCAGTCGCGTTTC-4,TEX
AATCGGTCAGGACCCT-4,TEX
ACACTGAAGGTGATAT-4,TEX
ACAGCTAAGTAAGTAC-4,TEX
ACAGCTAGTGCGGTAA-4,TEX
ACATGGTAGTTGCAGG-4,TEX
ACCGTAATCTTCCTTC-4,TEX
ACGAGCCAGTAGGCCA-4,TEX
ACGAGGATCGATGAGG-4,TEX
ACGATACTCACAATGC-4,TEX
ACGGGTCAGGGATCTG-4,TEX
ACTGATGGTCGACTGC-4,TEX
ACTGCTCTCAGTTCGA-4,TEX
ACTGTCCAGGCGATAC-4,TEX
ACTTGTTTCCTATTCA-4,TEX
AGATTGCTCCGTCAAA-4,TEX
AGCAGCCTCACCGGGT-4,TEX
AGCCTAAGTGAAATCA-4,TEX
AGCGGTCAGAGATGAG-4,TEX
AGCTCTCCACCTTGTC-4,TEX
AGGCCACGTGATGCCC-4,TEX
AGGGATGGTGCGCTTG-4,TEX
AGGGTGAGTCTAGCGC-4,TEX
AGGTCATTCACCTTAT-4,TEX
AGTGAGGGTCCTGCTT-4,TEX
ATAAGAGGTTCCACAA-4,TEX
ATAGACCGTCATATGC-4,TEX
ATCACGACATCCCATC-4,TEX
ATCATGGGTAGGGACT-4,TEX
ATCGAGTCATCCTTGC-4,TEX
ATCTACTAGACATAAC-4,TEX
ATCTGCCAGATCACGG-4,TEX
ATGCGATCACATCCGG-4,TEX
ATGTGTGAGTGGTAGC-4,TEX
ATGTGTGCAATCCAAC-4,TEX
ATTACTCGTGAGTATA-4,TEX
ATTCTACCAGGGATTG-4,TEX
ATTGGACCACCTGGTG-4,TEX
ATTGGACCATGACATC-4,TEX
ATTGGACTCGTACCGG-4,TEX
ATTGGTGAGTGCTGCC-4,TEX
ATTGGTGTCAACGGCC-4,TEX
CAACCAAAGCTCCTCT-4,TEX
CAACTAGCATACGCTA-4,TEX
CAAGAAAAGCTGCGAA-4,TEX
CACACAAGTACCGTAT-4,TEX
CACATAGAGATATGCA-4,TEX
CACATAGCAATGGAAT-4,TEX
CACATTTAGCTGGAAC-4,TEX
CAGATCAAGAAACCAT-4,TEX
CAGATCATCTGAAAGA-4,TEX
CAGCAGCGTAACGCGA-4,TEX
CAGCATAAGACTAGAT-4,TEX
CAGCATACAAGGGTCA-4,TEX
CAGCCGATCTCTGCTG-4,TEX
CAGCTGGGTAGAGCTG-4,TEX
CAGCTGGTCAGATAAG-4,TEX
CAGCTGGTCCACGCAG-4,TEX
CAGCTGGTCGAGGTAG-4,TEX
CAGGTGCTCATGTCTT-4,TEX
CAGGTGCTCGTTACAG-4,TEX
CAGTCCTAGACTAGGC-4,TEX
CATCAAGTCTGGCGAC-4,TEX
CATCCACAGACGCAAC-4,TEX
CATCGGGAGGAATTAC-4,TEX
CATGACAAGAGTTGGC-4,TEX
CATGGCGCAACAACCT-4,TEX
CATGGCGCAGCTGCTG-4,TEX
CATTATCCATGCATGT-4,TEX
CATTCGCGTGCCTTGG-4,TEX
CCAATCCAGTGACATA-4,TEX
CCACGGATCTGCGGCA-4,TEX
CCAGCGAAGAGTACAT-4,TEX
CCAGCGAGTAGGAGTC-4,TEX
CCCAATCGTCATGCCG-4,TEX
CCCTCCTAGACCTAGG-4,TEX
CCCTCCTAGCAGCGTA-4,TEX
CCGGTAGCACGCCAGT-4,TEX
CCGGTAGGTTTGGCGC-4,TEX
CCGTGGACAGACTCGC-4,TEX
CCGTTCAAGTCTCCTC-4,TEX
CCTAAAGTCCTCAACC-4,TEX
CCTACACAGTCAATAG-4,TEX
CCTACCACATGGTTGT-4,TEX
CCTAGCTGTGACGGTA-4,TEX
CCTAGCTTCTTCGGTC-4,TEX
CGACTTCAGACTTTCG-4,TEX
CGATCGGAGCAGATCG-4,TEX
CGATCGGTCAGCGATT-4,TEX
CGATGGCTCGATGAGG-4,TEX
CGATGGCTCGCTAGCG-4,TEX
CGATTGACATTAGCCA-4,TEX
CGCCAAGGTCAGGACA-4,TEX
CGCGTTTCACAACTGT-4,TEX
CGGACACGTGAGTGAC-4,TEX
CGGACGTTCCGCGCAA-4,TEX
CGGAGTCCATCGGGTC-4,TEX
CGGCTAGAGCTGATAA-4,TEX
CGTCACTGTTAAGTAG-4,TEX
CGTGAGCCATCTACGA-4,TEX
CGTGTCTCAATTCCTT-4,TEX
CGTTAGAAGCACCGCT-4,TEX
CGTTAGACACTAGTAC-4,TEX
CGTTCTGAGCGTTTAC-4,TEX
CGTTCTGGTGACTCAT-4,TEX
CGTTCTGTCGTTGACA-4,TEX
CGTTGGGCAGTACACT-4,TEX
CGTTGGGTCCAAGCCG-4,TEX
CTAACTTCAATAAGCA-4,TEX
CTACACCCAGCATGAG-4,TEX
CTACGTCTCAAGGCTT-4,TEX
CTAGAGTCACATAACC-4,TEX
CTAGTGAGTCTCGTTC-4,TEX
CTCAGAAGTCAATGTC-4,TEX
CTCATTATCCTTAATC-4,TEX
CTCGAAAGTACACCGC-4,TEX
CTCGAGGCACCACGTG-4,TEX
CTCGGGAAGGATTCGG-4,TEX
CTCTAATAGCGTCAAG-4,TEX
CTCTAATTCCTCGCAT-4,TEX
CTGAAGTGTCAGCTAT-4,TEX
CTGCCTATCATACGGT-4,TEX
CTGCGGAAGGATTCGG-4,TEX
CTGCGGATCTGGTGTA-4,TEX
CTGCTGTAGCCACGCT-4,TEX
CTGCTGTTCACAATGC-4,TEX
CTGTGCTCAAGGACTG-4,TEX
CTTAACTGTCTAGTCA-4,TEX
CTTAGGACACATTTCT-4,TEX
CTTCTCTAGAAGGGTA-4,TEX
CTTGGCTGTGTTGGGA-4,TEX
GAAATGAGTCAACTGT-4,TEX
GAATAAGCAGTATGCT-4,TEX
GACAGAGCAGCTCCGA-4,TEX
GACCAATAGGGATGGG-4,TEX
GACCTGGCATAAAGGT-4,TEX
GACGCGTTCTGATACG-4,TEX
GACGTGCGTGGCAAAC-4,TEX
GACGTTATCTGCTTGC-4,TEX
GACTGCGTCCACGAAT-4,TEX
GATCAGTCAGTACACT-4,TEX
GATCAGTTCCGTTGCT-4,TEX
GATCTAGAGAAGCCCA-4,TEX
GCAATCACACCATCCT-4,TEX
GCAGTTACAACGCACC-4,TEX
GCAGTTATCCTAGTGA-4,TEX
GCATACAGTAAGGGAA-4,TEX
GCATGATCATTACCTT-4,TEX
GCATGCGAGCTGCGAA-4,TEX
GCATGCGTCAGAAATG-4,TEX
GCCAAATAGTTACCCA-4,TEX
GCCAAATGTGCCTGCA-4,TEX
GCCAAATTCAAACAAG-4,TEX
GCGACCAAGGTGCTTT-4,TEX
GCGACCACAGAGCCAA-4,TEX
GCGAGAACACACCGCA-4,TEX
GCGCAACGTCACCCAG-4,TEX
GCGCAACTCAGTTCGA-4,TEX
GCGCAGTGTCGACTGC-4,TEX
GCGCCAAAGGTGCTAG-4,TEX
GCGCCAACAGCTATTG-4,TEX
GCGGGTTCATGGGAAC-4,TEX
GGAACTTCAGCATGAG-4,TEX
GGAATAAAGCTGAAAT-4,TEX
GGAATAAAGGGATGGG-4,TEX
GGAATAACACCTTGTC-4,TEX
GGACAGAAGCAGCCTC-4,TEX
GGACAGAAGGCAGGTT-4,TEX
GGACATTCAGGGCATA-4,TEX
GGACGTCGTTCCCGAG-4,TEX
GGAGCAAGTTACCAGT-4,TEX
GGCCGATCAGACGTAG-4,TEX
GGCGACTAGAGACTTA-4,TEX
GGCGACTCAACTGGCC-4,TEX
GGGTCTGTCTGCGTAA-4,TEX
GGGTTGCCAGCTGTTA-4,TEX
GGTGTTAAGACAGGCT-4,TEX
GTAACGTAGATCTGCT-4,TEX
GTAACTGTCCGCAAGC-4,TEX
GTACTTTGTGATAAGT-4,TEX
GTAGTCAAGCAGGCTA-4,TEX
GTATTCTGTAACGACG-4,TEX
GTATTCTGTTCTGAAC-4,TEX
GTCAAGTTCCGAATGT-4,TEX
GTCACGGGTTACGCGC-4,TEX
GTGAAGGGTAGCTTGT-4,TEX
GTGCATACACATGTGT-4,TEX
GTGCATAGTAGCGTAG-4,TEX
GTGCTTCAGGCAAAGA-4,TEX
GTGGGTCCATCTCCCA-4,TEX
GTGTTAGGTTCTCATT-4,TEX
GTGTTAGTCCGAGCCA-4,TEX
GTTAAGCCAATCCAAC-4,TEX
GTTAAGCTCGCCAGCA-4,TEX
GTTACAGTCCTGCAGG-4,TEX
GTTCATTGTTTGTTGG-4,TEX
GTTCGGGTCAATCTCT-4,TEX
GTTTCTACAGAGCCAA-4,TEX
TAAGCGTAGGCCCTTG-4,TEX
TACAGTGGTAGCCTCG-4,TEX
TACAGTGGTGTAAGTA-4,TEX
TACCTTAAGCTAGTTC-4,TEX
TACGGATGTTGAACTC-4,TEX
TACTCATTCGCAAGCC-4,TEX
TACTTACAGGACGAAA-4,TEX
TACTTACCATCAGTCA-4,TEX
TAGCCGGAGGGCACTA-4,TEX
TAGTGGTCAGCCACCA-4,TEX
TAGTGGTGTGAGCGAT-4,TEX
TATCAGGAGGTGACCA-4,TEX
TATCAGGGTACATCCA-4,TEX
TATCTCACAAAGAATC-4,TEX
TATCTCACACACGCTG-4,TEX
TATCTCACATTCCTCG-4,TEX
TCAATCTAGGACGAAA-4,TEX
TCACAAGCACCTATCC-4,TEX
TCACAAGGTGCGATAG-4,TEX
TCACAAGTCGCTTGTC-4,TEX
TCAGGATAGCTGCAAG-4,TEX
TCAGGTATCAGTTAGC-4,TEX
TCATTACCATATACCG-4,TEX
TCATTACGTATCACCA-4,TEX
TCGCGTTCAGGGTATG-4,TEX
TCGGTAACATGTTCCC-4,TEX
TCGGTAAGTAGAAGGA-4,TEX
TCGTACCAGAGAACAG-4,TEX
TCGTAGATCAGCACAT-4,TEX
TCTATTGGTGCCTGGT-4,TEX
TCTGGAAAGTCGCCGT-4,TEX
TGACAACGTCGCCATG-4,TEX
TGACAACTCACAGTAC-4,TEX
TGACTTTGTCTGGTCG-4,TEX
TGACTTTGTTCAACCA-4,TEX
TGAGGGAGTCTTGATG-4,TEX
TGAGGGATCCGTCATC-4,TEX
TGCACCTGTACAAGTA-4,TEX
TGCCCATTCACTTCAT-4,TEX
TGCCCTAAGCAATCTC-4,TEX
TGCGGGTAGCTGATAA-4,TEX
TGCGGGTCATAGGATA-4,TEX
TGCGTGGAGCCTATGT-4,TEX
TGCTGCTGTCTAGTCA-4,TEX
TGGACGCCACGAAATA-4,TEX
TGGCCAGCACCAGATT-4,TEX
TGGCTGGCACCTCGGA-4,TEX
TGGCTGGCACGTTGGC-4,TEX
TGGTTAGCATCCTTGC-4,TEX
TGGTTCCAGTACGTAA-4,TEX
TGGTTCCCACAGGTTT-4,TEX
TGGTTCCGTGCCTGGT-4,TEX
TGTGGTATCGCCGTGA-4,TEX
TGTGTTTTCAACGCTA-4,TEX
TGTTCCGAGTACGCGA-4,TEX
TTAACTCCAATGACCT-4,TEX
TTAGGCACATCCGTGG-4,TEX
TTCGGTCGTAAGCACG-4,TEX
TTCTCCTGTGAACCTT-4,TEX
TTCTTAGAGACTGTAA-4,TEX
TTGAACGTCTGGTTCC-4,TEX
TTGCCGTAGTGGGATC-4,TEX
TTGCGTCTCTGCTGCT-4,TEX
TTGGCAAGTCCTCTTG-4,TEX
TTGTAGGTCCTTCAAT-4,TEX
TTTCCTCAGAGGTTGC-4,TEX
TTTGGTTCAGGATTGG-4,TEX
TTTGGTTTCTTCCTTC-4,TEX
AAAGTAGGTCTCTTAT-5,TEX
AACTCAGTCACCTCGT-5,TEX
AACTCCCGTCAATGTC-5,TEX
AACTGGTTCACATGCA-5,TEX
AACTTTCTCCTCAATT-5,TEX
AAGGAGCGTTATCCGA-5,TEX
AAGGCAGGTGCGCTTG-5,TEX
AAGGTTCCACAAGTAA-5,TEX
AATCGGTGTTACGACT-5,TEX
AATCGGTTCCGTCAAA-5,TEX
AATCGGTTCTAAGCCA-5,TEX
ACACCGGAGCTAACAA-5,TEX
ACACCGGCACTTCGAA-5,TEX
ACAGCCGCATGGTTGT-5,TEX
ACAGCTACACTTAAGC-5,TEX
ACATCAGTCGTCCAGG-5,TEX
ACCAGTAGTAAGTAGT-5,TEX
ACCTTTAGTACTCAAC-5,TEX
ACCTTTATCCAACCAA-5,TEX
ACGAGGAGTAAGTTCC-5,TEX
ACGAGGAGTTCCACGG-5,TEX
ACGATGTCAACTGGCC-5,TEX
ACGATGTTCAAACGGG-5,TEX
ACGCCGAAGCGTTGCC-5,TEX
ACGGCCACAACGATGG-5,TEX
ACGTCAACAACTGCGC-5,TEX
ACTATCTGTATATCCG-5,TEX
ACTGAACAGCTTTGGT-5,TEX
ACTGAGTCAAGTCATC-5,TEX
ACTGATGAGCATCATC-5,TEX
ACTTGTTCAAAGGAAG-5,TEX
ACTTGTTCACGGTGTC-5,TEX
ACTTTCACACAAGACG-5,TEX
AGAATAGCATCCGCGA-5,TEX
AGACGTTAGGATGGTC-5,TEX
AGAGCTTAGACACGAC-5,TEX
AGATTGCAGCAGCCTC-5,TEX
AGCCTAACACGGACAA-5,TEX
AGCGGTCAGCTAAGAT-5,TEX
AGCTCCTTCACATACG-5,TEX
AGCTCTCGTTCTGGTA-5,TEX
AGGCCACTCGGATGTT-5,TEX
AGGGATGCACCAGGTC-5,TEX
AGTAGTCAGCACAGGT-5,TEX
AGTCTTTAGCGTTGCC-5,TEX
AGTGAGGAGTTCCACA-5,TEX
AGTGAGGCAGATGGCA-5,TEX
AGTGGGATCTGTCAAG-5,TEX
AGTGTCAAGACAGGCT-5,TEX
AGTGTCATCTTCCTTC-5,TEX
ATAACGCCAAGGGTCA-5,TEX
ATCATGGGTCCGAACC-5,TEX
ATCCGAACAAAGGAAG-5,TEX
ATCCGAAGTTCACCTC-5,TEX
ATGCGATTCGACAGCC-5,TEX
ATGTGTGGTGAAATCA-5,TEX
ATTATCCGTCTTCGTC-5,TEX
ATTATCCGTTCCACTC-5,TEX
ATTGGTGTCTGTGCAA-5,TEX
ATTTCTGAGCAGCGTA-5,TEX
CAACCTCCACTCGACG-5,TEX
CAACTAGAGTGACTCT-5,TEX
CAAGGCCCATACTCTT-5,TEX
CACACTCAGTTCGATC-5,TEX
CACACTCCAAGTCATC-5,TEX
CACCTTGAGGGAACGG-5,TEX
CAGAATCCAATCGGTT-5,TEX
CAGCAGCCAGACGTAG-5,TEX
CAGCATACAGCCTGTG-5,TEX
CAGCATATCATGGTCA-5,TEX
CAGCCGATCGCTTAGA-5,TEX
CAGCTGGGTACCGTTA-5,TEX
CAGTCCTTCCAGAGGA-5,TEX
CATCAAGGTCCCTTGT-5,TEX
CATCCACGTAGGAGTC-5,TEX
CATCGAAAGGATGCGT-5,TEX
CATCGAAAGGCTCATT-5,TEX
CATCGGGGTTGAGGTG-5,TEX
CATCGGGTCTTGTATC-5,TEX
CATGACACAAGTTGTC-5,TEX
CATGACAGTCCAGTGC-5,TEX
CATGCCTAGTGACATA-5,TEX
CATTATCAGCCAGAAC-5,TEX
CATTATCAGGGTTTCT-5,TEX
CATTCGCTCTATGTGG-5,TEX
CCACTACAGACGCTTT-5,TEX
CCGGTAGCACCATGTA-5,TEX
CCGTGGAGTACCCAAT-5,TEX
CCTACCATCTTGTCAT-5,TEX
CCTAGCTGTTCGGGCT-5,TEX
CCTCTGAAGTCATGCT-5,TEX
CCTCTGATCGCCAAAT-5,TEX
CCTTCCCTCTAACCGA-5,TEX
CCTTTCTCAGACACTT-5,TEX
CGACCTTGTGGCTCCA-5,TEX
CGAGAAGTCACAATGC-5,TEX
CGAGCACGTTGATTGC-5,TEX
CGATCGGCACCACCAG-5,TEX
CGATTGATCTCAAACG-5,TEX
CGCCAAGCACGACGAA-5,TEX
CGCCAAGCATAGGATA-5,TEX
CGCGTTTTCATAGCAC-5,TEX
CGCTATCTCCTAGAAC-5,TEX
CGGACACTCAGTTAGC-5,TEX
CGGACACTCTTGCAAG-5,TEX
CGGACTGCATTCTCAT-5,TEX
CGGACTGTCAACGGCC-5,TEX
CGTCCATAGTACGACG-5,TEX
CGTCTACGTCAACTGT-5,TEX
CGTGTAACAATGACCT-5,TEX
CGTTCTGAGCCAGAAC-5,TEX
CGTTGGGGTTGACGTT-5,TEX
CTAACTTTCCGCATCT-5,TEX
CTAAGACAGCCATCGC-5,TEX
CTAAGACAGTGGAGAA-5,TEX
CTAATGGTCATTATCC-5,TEX
CTACACCCAAGCGTAG-5,TEX
CTACACCTCCTCTAGC-5,TEX
CTAGCCTCATCCGCGA-5,TEX
CTAGCCTGTCACACGC-5,TEX
CTAGCCTGTTCCAACA-5,TEX
CTAGTGATCTCGTTTA-5,TEX
CTCAGAAAGACTGGGT-5,TEX
CTCAGAAAGAGTGACC-5,TEX
CTCCTAGTCATCGCTC-5,TEX
CTCGAAACATCTATGG-5,TEX
CTCGAAAGTACTTAGC-5,TEX
CTCGAGGCAGTTCATG-5,TEX
CTCGAGGTCCAGTAGT-5,TEX
CTCGTACAGTGCAAGC-5,TEX
CTCGTACTCAGTGCAT-5,TEX
CTCGTCATCTAACGGT-5,TEX
CTCTAATAGTGGAGAA-5,TEX
CTCTACGTCCAGAAGG-5,TEX
CTCTGGTCACAGTCGC-5,TEX
CTGCTGTCAAACGCGA-5,TEX
CTGCTGTCAGGGTATG-5,TEX
CTGCTGTGTGGCTCCA-5,TEX
CTGTGCTGTCGCGGTT-5,TEX
CTTAACTAGGGAACGG-5,TEX
CTTAACTTCTTGTCAT-5,TEX
CTTACCGAGTTAGCGG-5,TEX
CTTCTCTGTTTGTTTC-5,TEX
CTTCTCTTCAACGGGA-5,TEX
CTTTGCGCACAAGACG-5,TEX
GAAATGATCTGATTCT-5,TEX
GAACATCCACTAGTAC-5,TEX
GAACATCTCAGCGATT-5,TEX
GAAGCAGCATCGGGTC-5,TEX
GACAGAGGTATATCCG-5,TEX
GACCAATCAATACGCT-5,TEX
GACCAATGTCAGATAA-5,TEX
GACCAATTCATGTAGC-5,TEX
GACGGCTCAAGGCTCC-5,TEX
GACGTTAGTTCGGGCT-5,TEX
GACTACATCAGTCAGT-5,TEX
GAGCAGAAGATAGCAT-5,TEX
GAGGTGAGTAGATTAG-5,TEX
GATCAGTCACGGTGTC-5,TEX
GATCGTACAAGGTTTC-5,TEX
GATCGTATCAAACGGG-5,TEX
GATGAAACAGCTGTTA-5,TEX
GATGAAAGTGCAACGA-5,TEX
GCAAACTGTCCAGTAT-5,TEX
GCAATCAAGAGTCGGT-5,TEX
GCACATAAGGAATTAC-5,TEX
GCACTCTAGTGAACAT-5,TEX
GCCTCTACATGGTTGT-5,TEX
GCGAGAAGTCCAGTGC-5,TEX
GCGCAACAGCGGCTTC-5,TEX
GCGCAGTCATAGGATA-5,TEX
GCGCAGTGTGGTGTAG-5,TEX
GCGGGTTCAAGGACTG-5,TEX
GCGGGTTGTCTAGGTT-5,TEX
GCGGGTTTCATCGCTC-5,TEX
GCTCCTATCAAACCAC-5,TEX
GCTGCAGTCTACCAGA-5,TEX
GCTGGGTTCCTAAGTG-5,TEX
GGAATAACACCGTTGG-5,TEX
GGACAAGGTAGATTAG-5,TEX
GGACAAGTCACTTACT-5,TEX
GGACAGAGTATAATGG-5,TEX
GGACAGATCTTGTCAT-5,TEX
GGACATTCACAAGCCC-5,TEX
GGACATTGTAGATTAG-5,TEX
GGCCGATCACAGCGTC-5,TEX
GGCGTGTCAGTCACTA-5,TEX
GGGAGATTCTTACCGC-5,TEX
GGGATGACATAGTAAG-5,TEX
GGGCACTGTCGAAAGC-5,TEX
GGGCACTGTCTCAACA-5,TEX
GGGCATCTCAGGCAAG-5,TEX
GGTATTGGTAGCGTCC-5,TEX
GGTGCGTTCACAGTAC-5,TEX
GGTGTTAGTGAGGGAG-5,TEX
GTAACTGAGATCCGAG-5,TEX
GTAACTGCAATGGAAT-5,TEX
GTAACTGGTTACGTCA-5,TEX
GTACTCCTCTTCATGT-5,TEX
GTACTTTTCCCAAGTA-5,TEX
GTAGTCAAGACGCAAC-5,TEX
GTAGTCAGTAAATACG-5,TEX
GTATCTTAGACAATAC-5,TEX
GTATTCTCATTACCTT-5,TEX
GTATTCTTCCTTTCTC-5,TEX
GTCGGGTGTAAGAGAG-5,TEX
GTCTTCGAGGAGTAGA-5,TEX
GTGAAGGGTCCCGACA-5,TEX
GTGAAGGTCTGCTGCT-5,TEX
GTGCAGCCATTCTCAT-5,TEX
GTGCGGTCACATTAGC-5,TEX
GTGCTTCTCATCATTC-5,TEX
GTGGGTCAGTTAACGA-5,TEX
GTTTCTACATACTACG-5,TEX
TAAACCGAGAGAACAG-5,TEX
TAAGCGTAGATCCGAG-5,TEX
TAAGCGTAGTCAATAG-5,TEX
TACACGAAGTGACATA-5,TEX
TACACGAGTCCGAGTC-5,TEX
TACAGTGCACGGTAAG-5,TEX
TACCTATAGTCATGCT-5,TEX
TACTCATCATTTGCTT-5,TEX
TACTTACAGTGGTAGC-5,TEX
TAGAGCTTCATGTGGT-5,TEX
TAGCCGGGTCCGAGTC-5,TEX
TAGTTGGCATGCTAGT-5,TEX
TATCTCACACATTAGC-5,TEX
TATGCCCAGATTACCC-5,TEX
TATTACCGTCTGATCA-5,TEX
TCAATCTAGAGATGAG-5,TEX
TCACAAGCATATACGC-5,TEX
TCAGATGGTCCGTTAA-5,TEX
TCAGGATTCCCAGGTG-5,TEX
TCAGGTACATGTTGAC-5,TEX
TCATTACAGCGCTTAT-5,TEX
TCGGTAAAGACTTGAA-5,TEX
TCTATTGCACGACGAA-5,TEX
TCTCTAAAGCTACCTA-5,TEX
TCTGAGAGTTCGTGAT-5,TEX
TCTTCGGGTATTCTCT-5,TEX
TCTTCGGTCGATGAGG-5,TEX
TCTTTCCGTTCACCTC-5,TEX
TGACAACTCCGTACAA-5,TEX
TGACTTTAGACAGAGA-5,TEX
TGAGAGGTCCAGATCA-5,TEX
TGAGGGACACAACGTT-5,TEX
TGCACCTAGTATGACA-5,TEX
TGCCCTACAATACGCT-5,TEX
TGCCCTACACCAGATT-5,TEX
TGCGCAGCACCCATTC-5,TEX
TGCTACCGTTATCCGA-5,TEX
TGCTGCTTCGTATCAG-5,TEX
TGGCGCATCGAGAACG-5,TEX
TGGCTGGGTACATCCA-5,TEX
TGGGAAGTCCCTGACT-5,TEX
TGGTTCCGTCTCTTTA-5,TEX
TGTCCCAAGACTTGAA-5,TEX
TGTCCCAGTACTTCTT-5,TEX
TGTGGTACAAGTACCT-5,TEX
TGTTCCGAGGGTGTTG-5,TEX
TTAACTCAGGCGCTCT-5,TEX
TTAACTCTCTCTGTCG-5,TEX
TTAGTTCCAATACGCT-5,TEX
TTCTCAAAGCCCGAAA-5,TEX
TTCTCAAGTATTCGTG-5,TEX
TTCTCAAGTGATAAGT-5,TEX
TTCTCCTAGCTCCTTC-5,TEX
TTCTCCTAGTGTTGAA-5,TEX
TTCTCCTTCAGTGTTG-5,TEX
TTGACTTCACAAGTAA-5,TEX
TTTACTGAGAGTCTGG-5,TEX
TTTCCTCCACTCAGGC-5,TEX
AAAGCAAAGAGTGAGA-6,TEX
AAATGCCGTTCGGGCT-6,TEX
AACACGTCAATGGAGC-6,TEX
AACGTTGTCATGCAAC-6,TEX
AACTGGTGTTGGTTTG-6,TEX
AACTGGTTCTAAGCCA-6,TEX
AAGACCTGTTTAGGAA-6,TEX
AAGACCTTCTGAGTGT-6,TEX
AAGGCAGCAAGCGTAG-6,TEX
AAGGCAGCATGGATGG-6,TEX
ACACCCTTCAAAGACA-6,TEX
ACAGCCGTCGGAATCT-6,TEX
ACATACGAGGTCATCT-6,TEX
ACATCAGAGTGGGCTA-6,TEX
ACATCAGCAACGCACC-6,TEX
ACATGGTCACACCGAC-6,TEX
ACATGGTTCATTGCGA-6,TEX
ACGATACTCTGAAAGA-6,TEX
ACGGAGAGTGACCAAG-6,TEX
ACGGCCACATTCTTAC-6,TEX
ACTATCTGTATAGGTA-6,TEX
ACTATCTTCTTGAGAC-6,TEX
ACTGCTCAGGAATTAC-6,TEX
ACTGTCCCACTCTGTC-6,TEX
ACTGTCCTCTGTTGAG-6,TEX
AGAGCGATCTCGTATT-6,TEX
AGCGGTCAGAAGATTC-6,TEX
AGCGTATCAGGAACGT-6,TEX
AGCTCTCAGGTGCTTT-6,TEX
AGGCCGTAGAGTTGGC-6,TEX
AGGGATGTCGCATGGC-6,TEX
AGTTGGTCAGCCAATT-6,TEX
ATCACGAGTGCATCTA-6,TEX
ATCATCTAGAAGGTTT-6,TEX
ATGAGGGTCCAAGTAC-6,TEX
ATTCTACGTCCTCTTG-6,TEX
ATTGGTGGTCGCTTTC-6,TEX
CAACTAGAGCGTAATA-6,TEX
CAAGATCCAATCAGAA-6,TEX
CAAGGCCGTAAGGGAA-6,TEX
CACACAAAGTTCCACA-6,TEX
CACACTCTCACAATGC-6,TEX
CACCACTCAAGCCGTC-6,TEX
CAGAATCGTCCAAGTT-6,TEX
CAGCAGCTCTCTAAGG-6,TEX
CAGCATATCTAACCGA-6,TEX
CAGGTGCGTGGAAAGA-6,TEX
CAGTCCTCAAGGTTTC-6,TEX
CATCGAAGTAAATGTG-6,TEX
CCCTCCTAGCATGGCA-6,TEX
CCCTCCTGTCAAGCGA-6,TEX
CCTAAAGGTTGGAGGT-6,TEX
CCTAGCTCATCCTTGC-6,TEX
CCTCAGTCATCGGGTC-6,TEX
CCTCTGATCACTTATC-6,TEX
CCTTTCTTCTGGCGAC-6,TEX
CGATGGCAGGCCCGTT-6,TEX
CGATGGCGTACCGAGA-6,TEX
CGCCAAGAGAAACGCC-6,TEX
CGCCAAGAGCCAGAAC-6,TEX
CGCGTTTGTTAAGATG-6,TEX
CGCTGGAGTGACTCAT-6,TEX
CGCTGGATCTCTTGAT-6,TEX
CGGACGTGTGCGAAAC-6,TEX
CGGTTAAAGAGGGCTT-6,TEX
CGGTTAAGTGATGTGG-6,TEX
CGTAGCGAGGCTAGAC-6,TEX
CGTAGGCCACATTAGC-6,TEX
CGTCACTTCAACTCTT-6,TEX
CGTGAGCAGACAAAGG-6,TEX
CGTGTCTAGAGTAATC-6,TEX
CTACACCTCGTTTATC-6,TEX
CTACCCAAGCAAATCA-6,TEX
CTACCCAGTTGATTGC-6,TEX
CTACGTCTCATCGATG-6,TEX
CTAGTGAAGCTAGTGG-6,TEX
CTAGTGACAAAGTCAA-6,TEX
CTAGTGAGTTCACGGC-6,TEX
CTCAGAAGTGTCTGAT-6,TEX
CTCGGAGAGGGCATGT-6,TEX
CTCGTACAGATAGTCA-6,TEX
CTCGTACTCGTCCGTT-6,TEX
CTCGTCACACCAGGCT-6,TEX
CTCTACGAGATATACG-6,TEX
CTCTACGCAGTCAGAG-6,TEX
CTGAAACCAATGGAGC-6,TEX
CTGAAACGTAGCGCAA-6,TEX
CTGATCCCACAGCCCA-6,TEX
CTGCCTATCCTTGCCA-6,TEX
CTGCGGATCCAAACAC-6,TEX
CTGCTGTAGGACACCA-6,TEX
CTTAGGATCACATACG-6,TEX
GAAACTCCAGCAGTTT-6,TEX
GAAGCAGAGAATGTGT-6,TEX
GACACGCAGGGTCGAT-6,TEX
GACACGCCAAATACAG-6,TEX
GACAGAGCAACAACCT-6,TEX
GACGGCTTCTTTACAC-6,TEX
GACTAACAGATTACCC-6,TEX
GAGCAGAGTCGAACAG-6,TEX
GAGGTGATCACTATTC-6,TEX
GAGTCCGAGTACGTAA-6,TEX
GAGTCCGCATGGAATA-6,TEX
GATCAGTAGGGCTCTC-6,TEX
GATCAGTGTAGAGGAA-6,TEX
GATGAAAGTTCTGGTA-6,TEX
GATTCAGTCTGTCTCG-6,TEX
GCATACACACATTAGC-6,TEX
GCATACAGTTTAAGCC-6,TEX
GCATGCGAGTGTGGCA-6,TEX
GCCTCTACAGGTCGTC-6,TEX
GCGACCAAGGCCCTCA-6,TEX
GCGACCACACATTAGC-6,TEX
GGACAAGCAGAAGCAC-6,TEX
GGAGCAAGTCAGGACA-6,TEX
GGATGTTTCGGCGCAT-6,TEX
GGCCGATAGCTACCTA-6,TEX
GGCGACTTCCGTTGTC-6,TEX
GGCTCGACAAGTTGTC-6,TEX
GGCTCGACATACAGCT-6,TEX
GGCTGGTCATTGGCGC-6,TEX
GGGAATGTCTGCGTAA-6,TEX
GGGACCTGTGACGGTA-6,TEX
GGGTCTGAGGTCGGAT-6,TEX
GGGTTGCAGCAAATCA-6,TEX
GGGTTGCAGCCCGAAA-6,TEX
GGTGTTAAGGTACTCT-6,TEX
GTAACGTAGCTAGGCA-6,TEX
GTACTCCCACAGATTC-6,TEX
GTATCTTAGTCCCACG-6,TEX
GTATCTTTCTGGTTCC-6,TEX
GTCAAGTGTTAAGATG-6,TEX
GTCACAATCGGAAACG-6,TEX
GTCATTTTCTATCGCC-6,TEX
GTCCTCACACATGTGT-6,TEX
GTGCAGCAGTATCGAA-6,TEX
GTGCAGCGTCAAGCGA-6,TEX
GTGCTTCCAAATCCGT-6,TEX
GTGGGTCAGTGGTAAT-6,TEX
GTTCGGGCAAGGTTTC-6,TEX
GTTCTCGGTGATGTGG-6,TEX
GTTTCTACAGCGTCCA-6,TEX
GTTTCTATCCTGTACC-6,TEX
TAAACCGGTCCGAACC-6,TEX
TACGGATCACGGTAAG-6,TEX
TACGGATCATTTCAGG-6,TEX
TACGGGCGTGCTAGCC-6,TEX
TACGGTACAGGGATTG-6,TEX
TACGGTACATGGGACA-6,TEX
TACTCATAGACTAGAT-6,TEX
TACTTACAGTTTAGGA-6,TEX
TAGACCAGTAAGAGAG-6,TEX
TAGTTGGTCGCCATAA-6,TEX
TATGCCCAGACTGTAA-6,TEX
TCACAAGGTGTGGCTC-6,TEX
TCAGATGGTTAGGGTG-6,TEX
TCAGCAACACACAGAG-6,TEX
TCAGCTCCAGTTAACC-6,TEX
TCAGCTCTCACGATGT-6,TEX
TCATTACCATGTTGAC-6,TEX
TCGGTAATCAACACTG-6,TEX
TCTGAGACAAGAGGCT-6,TEX
TGAAAGAAGGTGCACA-6,TEX
TGACAACGTGTTCGAT-6,TEX
TGACTTTAGCTAGTCT-6,TEX
TGACTTTCAGTTAACC-6,TEX
TGAGAGGCACATCCGG-6,TEX
TGAGAGGCATTAGCCA-6,TEX
TGAGAGGGTCATATGC-6,TEX
TGAGGGATCTGGTGTA-6,TEX
TGCCAAAAGGGCTTGA-6,TEX
TGCCAAATCAACGAAA-6,TEX
TGCCCATTCTGTCCGT-6,TEX
TGCGCAGAGAGAGCTC-6,TEX
TGCTACCAGGGTGTGT-6,TEX
TGCTACCGTCACAAGG-6,TEX
TGGCCAGTCTCGTTTA-6,TEX
TGGTTAGGTCAATACC-6,TEX
TGGTTCCTCGCATGAT-6,TEX
TGTTCCGTCTACCAGA-6,TEX
TTCGGTCTCGCTGATA-6,TEX
TTGACTTAGTGAAGTT-6,TEX
TTGACTTTCTACTCAT-6,TEX
TTGCCGTAGCTATGCT-6,TEX
TTGCCGTTCTATCCCG-6,TEX
TTGGAACGTGCAACGA-6,TEX
TTGGAACTCTTCGAGA-6,TEX
TTTATGCGTCAGTGGA-6,TEX
TTTGCGCTCGAACGGA-6,TEX
TTTGTCAGTCTCCCTA-6,TEX
AAACCTGAGATGTTAG-7,TEX
AAACGGGCACGAAAGC-7,TEX
AAATGCCGTTACGCGC-7,TEX
AACACGTCAGTTTACG-7,TEX
AACCATGCATCGACGC-7,TEX
AACCATGTCACTTACT-7,TEX
AACCGCGTCTTCAACT-7,TEX
AACGTTGCAAGTACCT-7,TEX
AACTCTTGTCCCTTGT-7,TEX
AACTCTTTCTGTCCGT-7,TEX
AACTTTCAGCACGCCT-7,TEX
AACTTTCGTCACCTAA-7,TEX
AACTTTCGTCTAGGTT-7,TEX
AACTTTCTCATCGATG-7,TEX
AACTTTCTCCTTTACA-7,TEX
AAGCCGCCATGGGAAC-7,TEX
AAGGTTCCAGGTCGTC-7,TEX
AAGGTTCGTCAAACTC-7,TEX
AAGGTTCTCATGCATG-7,TEX
AAGTCTGAGAGAACAG-7,TEX
AAGTCTGCACGTCAGC-7,TEX
AAGTCTGCAGTATCTG-7,TEX
AATCCAGGTTGAGGTG-7,TEX
AATCGGTCACGAGAGT-7,TEX
AATCGGTTCAATAAGG-7,TEX
ACACCGGAGGCTAGCA-7,TEX
ACACCGGGTGTGCCTG-7,TEX
ACACTGACAAGAGTCG-7,TEX
ACAGCCGAGAGGGCTT-7,TEX
ACAGCTAAGCTGTTCA-7,TEX
ACATACGTCGCCCTTA-7,TEX
ACATGGTTCATGTGGT-7,TEX
ACCCACTTCTATCGCC-7,TEX
ACCTTTAAGCTTCGCG-7,TEX
ACCTTTACAACGATGG-7,TEX
ACCTTTAGTGGTCTCG-7,TEX
ACCTTTATCTTGTACT-7,TEX
ACGAGCCCACATGTGT-7,TEX
ACGAGGAGTTCGAATC-7,TEX
ACGATGTCAAGCCGTC-7,TEX
ACGATGTGTCCCTTGT-7,TEX
ACGCCAGAGTCAATAG-7,TEX
ACGCCAGCACGGCTAC-7,TEX
ACGCCGAAGCGTTGCC-7,TEX
ACGGGTCAGAGCTGGT-7,TEX
ACGTCAAAGTCTCGGC-7,TEX
ACGTCAAGTGCAACTT-7,TEX
ACGTCAATCGCGGATC-7,TEX
ACTATCTTCAATCACG-7,TEX
ACTGAGTGTGCAGACA-7,TEX
ACTGATGTCAGCAACT-7,TEX
ACTGCTCAGCTACCGC-7,TEX
ACTGCTCTCCGCTGTT-7,TEX
ACTGTCCGTACTCTCC-7,TEX
ACTTACTTCTTGTCAT-7,TEX
ACTTGTTAGGATGCGT-7,TEX
ACTTGTTGTAGGCATG-7,TEX
ACTTGTTGTTGCGCAC-7,TEX
ACTTTCACACACGCTG-7,TEX
AGAGCGATCTGTCTCG-7,TEX
AGAGCTTCACCAGTTA-7,TEX
AGAGTGGGTCAAAGCG-7,TEX
AGAGTGGTCCGCAGTG-7,TEX
AGATTGCAGTATGACA-7,TEX
AGCAGCCCAAGTTGTC-7,TEX
AGCATACGTTCGTTGA-7,TEX
AGCGGTCTCATGGTCA-7,TEX
AGCGGTCTCTAACCGA-7,TEX
AGCGTATCACACTGCG-7,TEX
AGCTCCTCACCCAGTG-7,TEX
AGCTCTCAGTCAAGGC-7,TEX
AGCTTGAGTAGCTTGT-7,TEX
AGGGATGCAATAGCGG-7,TEX
AGGGTGAGTACAGACG-7,TEX
AGGTCATGTCTAACGT-7,TEX
AGGTCCGGTATAGTAG-7,TEX
AGTAGTCCACCTCGTT-7,TEX
AGTCTTTAGGCTACGA-7,TEX
AGTCTTTGTAGCGCTC-7,TEX
AGTGAGGTCCGCATAA-7,TEX
AGTGGGATCGTATCAG-7,TEX
AGTGTCATCTCTGCTG-7,TEX
AGTTGGTTCCATTCTA-7,TEX
ATAGACCGTGAAAGAG-7,TEX
ATCATCTCATGGTCAT-7,TEX
ATCCGAACAGACAAGC-7,TEX
ATCCGAAGTTCGTTGA-7,TEX
ATCGAGTGTAGCCTCG-7,TEX
ATCGAGTGTCCGAAGA-7,TEX
ATCGAGTTCCTAGTGA-7,TEX
ATCTACTTCTTGACGA-7,TEX
ATCTACTTCTTGGGTA-7,TEX
ATCTGCCGTCGATTGT-7,TEX
ATTACTCAGTTTAGGA-7,TEX
ATTACTCGTACTCGCG-7,TEX
ATTACTCTCGAATGCT-7,TEX
ATTATCCGTCATCGGC-7,TEX
ATTCTACAGTTTAGGA-7,TEX
ATTGGACAGTCATCCA-7,TEX
ATTGGTGGTGGAAAGA-7,TEX
CAACCAACACAGGTTT-7,TEX
CAACCAATCACCACCT-7,TEX
CAACCTCCACATCCAA-7,TEX
CAAGAAATCATTTGGG-7,TEX
CAAGAAATCGGAGCAA-7,TEX
CAAGATCGTGCATCTA-7,TEX
CAAGTTGCATCCCATC-7,TEX
CACAAACGTCATTAGC-7,TEX
CACACCTAGATGTCGG-7,TEX
CACACTCTCAGCTTAG-7,TEX
CACACTCTCAGGTAAA-7,TEX
CACAGGCCAGCTTAAC-7,TEX
CACAGTACACTGTTAG-7,TEX
CACATTTCAGACAAGC-7,TEX
CACATTTGTAGCACGA-7,TEX
CACCACTAGGGATGGG-7,TEX
CACCACTCAAACCTAC-7,TEX
CACCACTCAAGTAATG-7,TEX
CACCACTTCAAGCCTA-7,TEX
CACCAGGTCCTCCTAG-7,TEX
CACCTTGGTCTTGTCC-7,TEX
CACCTTGTCTTCTGGC-7,TEX
CAGAATCCATTAGGCT-7,TEX
CAGCAGCAGAAGGCCT-7,TEX
CAGCAGCAGGACAGCT-7,TEX
CAGCAGCTCGTCCGTT-7,TEX
CAGCATAAGAAACGCC-7,TEX
CAGCCGAAGCAGACTG-7,TEX
CAGCCGAAGTTCCACA-7,TEX
CAGCGACAGCAATCTC-7,TEX
CAGCGACCAGCTGCAC-7,TEX
CAGCTAAAGACGCTTT-7,TEX
CAGCTAATCTCCGGTT-7,TEX
CAGCTAATCTGCAGTA-7,TEX
CAGGTGCAGCAATCTC-7,TEX
CAGGTGCAGGCATGGT-7,TEX
CAGTAACTCTAACTTC-7,TEX
CAGTCCTTCAAGGCTT-7,TEX
CATCAGACACGTCTCT-7,TEX
CATCCACTCAGTACGT-7,TEX
CATCCACTCGCCATAA-7,TEX
CATGCCTAGGTTCCTA-7,TEX
CATGGCGAGATGTAAC-7,TEX
CATGGCGTCACAATGC-7,TEX
CATTATCAGAAACCAT-7,TEX
CATTCGCAGACGCAAC-7,TEX
CCAATCCTCGCGGATC-7,TEX
CCAATCCTCTGAGTGT-7,TEX
CCACCTACAGGGTATG-7,TEX
CCATTCGTCACGGTTA-7,TEX
CCCAGTTCACGAGGTA-7,TEX
CCGGTAGTCTTAGAGC-7,TEX
CCGTACTCAATAACGA-7,TEX
CCGTGGATCACTCCTG-7,TEX
CCTACACCAGCCTTGG-7,TEX
CCTACCACAGCTGCAC-7,TEX
CCTATTAGTTGTGGAG-7,TEX
CCTCTGAGTACATGTC-7,TEX
CCTTACGCAGGGAGAG-7,TEX
CCTTACGTCTAACGGT-7,TEX
CCTTCCCCATCTCGCT-7,TEX
CGAACATAGTGTGGCA-7,TEX
CGAATGTCAGAGCCAA-7,TEX
CGACCTTAGAACTCGG-7,TEX
CGACCTTCAACTTGAC-7,TEX
CGACCTTGTACAGACG-7,TEX
CGATCGGGTATATGGA-7,TEX
CGATTGAAGGGTGTTG-7,TEX
CGATTGACATGCAACT-7,TEX
CGCCAAGGTTGGTAAA-7,TEX
CGGACTGTCATGCAAC-7,TEX
CGGACTGTCTGAGTGT-7,TEX
CGGTTAACAAGGGTCA-7,TEX
CGTAGCGAGTTATCGC-7,TEX
CGTAGGCGTACTCGCG-7,TEX
CGTAGGCGTCTCACCT-7,TEX
CGTCAGGAGGATGTAT-7,TEX
CGTCTACCATCGGGTC-7,TEX
CGTCTACGTACGACCC-7,TEX
CGTGTCTCAAATACAG-7,TEX
CGTTAGAAGAACTGTA-7,TEX
CTAACTTCAGTCGATT-7,TEX
CTAAGACAGAAGATTC-7,TEX
CTAAGACAGTGGAGAA-7,TEX
CTAAGACGTCGGCTCA-7,TEX
CTAAGACGTGCTCTTC-7,TEX
CTACACCGTGACCAAG-7,TEX
CTACCCATCCAGTATG-7,TEX
CTAGCCTGTTGTGGAG-7,TEX
CTAGTGACAGGACCCT-7,TEX
CTCACACGTGAGCGAT-7,TEX
CTCAGAAAGCCACGTC-7,TEX
CTCAGAAAGGCGTACA-7,TEX
CTCAGAAAGTACACCT-7,TEX
CTCAGAAGTGATGATA-7,TEX
CTCATTACACTGCCAG-7,TEX
CTCATTAGTCGCATAT-7,TEX
CTCATTAGTGATGATA-7,TEX
CTCGAGGCATCTCGCT-7,TEX
CTCGGAGTCTGGTGTA-7,TEX
CTCGGGAGTTATGTGC-7,TEX
CTCGGGAGTTTAGCTG-7,TEX
CTCGGGATCTGCAAGT-7,TEX
CTCGTACGTGATAAAC-7,TEX
CTCGTCAGTCTTTCAT-7,TEX
CTCTAATTCAGTTAGC-7,TEX
CTCTGGTAGTCCGTAT-7,TEX
CTCTGGTTCAACGAAA-7,TEX
CTCTGGTTCTAAGCCA-7,TEX
CTGAAGTAGTCCAGGA-7,TEX
CTGATAGCATCACCCT-7,TEX
CTGATAGGTGGCTCCA-7,TEX
CTGATAGTCCGAGCCA-7,TEX
CTGATCCGTCCTAGCG-7,TEX
CTGCGGACATGCTAGT-7,TEX
CTGCGGATCCGATATG-7,TEX
CTGCTGTTCGGTCTAA-7,TEX
CTGTTTAAGCAGGTCA-7,TEX
CTGTTTAAGGCTACGA-7,TEX
CTTGGCTGTCATGCAT-7,TEX
CTTGGCTGTCTTGATG-7,TEX
GAACATCTCATCGATG-7,TEX
GAAGCAGAGAGTACCG-7,TEX
GAAGCAGTCTAACCGA-7,TEX
GAATAAGAGACTACAA-7,TEX
GAATAAGAGGTAAACT-7,TEX
GAATAAGGTTCACGGC-7,TEX
GACAGAGAGGTGCTAG-7,TEX
GACCTGGAGAGCAATT-7,TEX
GACCTGGTCAGAGCTT-7,TEX
GACGGCTAGAATCTCC-7,TEX
GACGTTAAGACATAAC-7,TEX
GACTAACTCTTGTTTG-7,TEX
GACTACACAAACTGTC-7,TEX
GACTACACATGTCCTC-7,TEX
GAGCAGACATGGTTGT-7,TEX
GAGGTGAAGGCGATAC-7,TEX
GAGGTGACAAGGTTCT-7,TEX
GAGGTGATCAGAGCTT-7,TEX
GAGTCCGGTCAGCTAT-7,TEX
GATCGATTCAGAAATG-7,TEX
GATCGATTCGGTTAAC-7,TEX
GATCGATTCTGCGTAA-7,TEX
GATCGCGGTTGATTGC-7,TEX
GATCGTACAAGCCTAT-7,TEX
GATCTAGAGCTGCGAA-7,TEX
GATCTAGCATGCAACT-7,TEX
GATGAAACAGGATTGG-7,TEX
GATGAAACATATGGTC-7,TEX
GATGCTAGTAGAGTGC-7,TEX
GATGCTAGTCTCATCC-7,TEX
GATGCTATCGCCATAA-7,TEX
GATGCTATCGCGCCAA-7,TEX
GATGCTATCTGGTTCC-7,TEX
GATTCAGAGGGAGTAA-7,TEX
GATTCAGTCACTCCTG-7,TEX
GCAAACTGTCCATGAT-7,TEX
GCAAACTTCTTGCAAG-7,TEX
GCAATCAAGTGGAGTC-7,TEX
GCACATACATCGGGTC-7,TEX
GCATGATCATCTCGCT-7,TEX
GCATGCGTCACTTCAT-7,TEX
GCATGCGTCGCTAGCG-7,TEX
GCCAAATGTTCGCGAC-7,TEX
GCGACCAGTTGTGGAG-7,TEX
GCGACCATCCTCATTA-7,TEX
GCGACCATCGCGCCAA-7,TEX
GCGCGATAGCACGCCT-7,TEX
GCGCGATCATACCATG-7,TEX
GCGCGATTCGTACGGC-7,TEX
GCTCCTACAACGATCT-7,TEX
GCTCCTATCATCGATG-7,TEX
GCTCCTATCTAGCACA-7,TEX
GCTGCAGAGCTCAACT-7,TEX
GCTGCTTCACGGTTTA-7,TEX
GCTGCTTTCCAAAGTC-7,TEX
GCTGGGTCATCGGTTA-7,TEX
GCTTGAAAGTTGAGTA-7,TEX
GCTTGAAGTATTAGCC-7,TEX
GGAATAAAGACAGAGA-7,TEX
GGACAAGCAATGTTGC-7,TEX
GGACAAGCATGGTTGT-7,TEX
GGACAGAAGACACTAA-7,TEX
GGACAGACAGTGGGAT-7,TEX
GGACATTAGATATACG-7,TEX
GGACATTCAGTCAGAG-7,TEX
GGACGTCTCCTGCAGG-7,TEX
GGAGCAATCACTATTC-7,TEX
GGATGTTCATGCCACG-7,TEX
GGATGTTTCTTGTATC-7,TEX
GGATTACAGCAATATG-7,TEX
GGATTACCACAGAGGT-7,TEX
GGATTACGTACTCAAC-7,TEX
GGCAATTGTTAAAGAC-7,TEX
GGCGTGTTCAGTTAGC-7,TEX
GGCTCGAGTCATATGC-7,TEX
GGCTGGTCACATTCGA-7,TEX
GGGAATGGTCGCCATG-7,TEX
GGGACCTGTGTGACGA-7,TEX
GGGCATCCATTCACTT-7,TEX
GGGCATCGTATGCTTG-7,TEX
GGGTCTGCAGGGATTG-7,TEX
GGGTCTGGTAAACCTC-7,TEX
GGTGCGTCACCATGTA-7,TEX
GGTGCGTTCGAGGTAG-7,TEX
GTAACTGAGAGTACAT-7,TEX
GTACTTTGTAGCGTAG-7,TEX
GTACTTTTCATTGCCC-7,TEX
GTAGGCCAGGCCCGTT-7,TEX
GTAGTCAAGGCGCTCT-7,TEX
GTATCTTAGAGTACCG-7,TEX
GTATCTTGTGTCCTCT-7,TEX
GTATTCTCACACATGT-7,TEX
GTATTCTCAGATCTGT-7,TEX
GTATTCTTCTGGGCCA-7,TEX
GTCACAACAGTCCTTC-7,TEX
GTCACAAGTCCAAGTT-7,TEX
GTCACGGTCATACGGT-7,TEX
GTCCTCATCCGGCACA-7,TEX
GTCTTCGGTACTTAGC-7,TEX
GTCTTCGGTTTGTTGG-7,TEX
GTGAAGGTCCAATGGT-7,TEX
GTGCGGTAGCGTAATA-7,TEX
GTGCGGTTCATGTCTT-7,TEX
GTGCGGTTCTGCAGTA-7,TEX
GTGCTTCGTGTTGAGG-7,TEX
GTGCTTCTCAATCACG-7,TEX
GTGGGTCCATGGGAAC-7,TEX
GTGTGCGAGGCCGAAT-7,TEX
GTGTGCGAGTGTTGAA-7,TEX
GTGTGCGGTACAGCAG-7,TEX
GTGTTAGTCTCGGACG-7,TEX
GTGTTAGTCTGACCTC-7,TEX
GTTAAGCCATTGAGCT-7,TEX
GTTACAGCATGACGGA-7,TEX
GTTCGGGTCCGCGCAA-7,TEX
TAAACCGCATGTTGAC-7,TEX
TAAGTGCAGCGTCAAG-7,TEX
TAAGTGCGTTTGACAC-7,TEX
TACACGATCAACTCTT-7,TEX
TACCTATCAGCTGTTA-7,TEX
TACCTATCAGGTTTCA-7,TEX
TACGGTAGTCAGCTAT-7,TEX
TACGGTAGTGTATGGG-7,TEX
TACTCATCAGATCCAT-7,TEX
TACTTACAGCCAGTTT-7,TEX
TAGAGCTAGGACACCA-7,TEX
TAGCCGGAGCCAGAAC-7,TEX
TAGCCGGGTTCTGTTT-7,TEX
TAGTTGGGTATCTGCA-7,TEX
TATCAGGGTTCGTCTC-7,TEX
TATGCCCGTGTAATGA-7,TEX
TATTACCCAGGCTGAA-7,TEX
TATTACCTCGATAGAA-7,TEX
TATTACCTCGCGCCAA-7,TEX
TCAGATGCATATACGC-7,TEX
TCAGATGTCAAAGACA-7,TEX
TCAGGATCATCACGTA-7,TEX
TCAGGATTCTGGTGTA-7,TEX
TCATTACTCAGGCGAA-7,TEX
TCATTACTCAGTGCAT-7,TEX
TCATTACTCGTAGATC-7,TEX
TCCACACCAGGACCCT-7,TEX
TCCCGATAGGCAGGTT-7,TEX
TCCCGATCAGGATTGG-7,TEX
TCCCGATCATCTATGG-7,TEX
TCCCGATTCACATAGC-7,TEX
TCGAGGCGTTATCCGA-7,TEX
TCGGTAAAGGATGGAA-7,TEX
TCGTAGAAGGTGACCA-7,TEX
TCGTAGAGTTAGAACA-7,TEX
TCTCTAAAGGTGGGTT-7,TEX
TGAAAGAAGTGTACGG-7,TEX
TGACAACAGGTGCTAG-7,TEX
TGACAACCACATCTTT-7,TEX
TGACAACGTGTCCTCT-7,TEX
TGACAACTCTGCCCTA-7,TEX
TGACGGCAGGGCATGT-7,TEX
TGACGGCCAGGACCCT-7,TEX
TGACTTTGTCCGAGTC-7,TEX
TGAGCATCATGACGGA-7,TEX
TGAGCATGTTTGTTTC-7,TEX
TGCCAAATCATACGGT-7,TEX
TGCGTGGAGGAACTGC-7,TEX
TGCTACCAGCTGCGAA-7,TEX
TGCTGCTAGCTAAACA-7,TEX
TGGCCAGGTTCCGTCT-7,TEX
TGGCCAGTCTATCCCG-7,TEX
TGGCGCATCCCTTGCA-7,TEX
TGGCTGGGTCTCTTAT-7,TEX
TGGGAAGCAGTGAGTG-7,TEX
TGGTTCCGTAATAGCA-7,TEX
TGTCCCACACGGTAGA-7,TEX
TGTGGTACACGACGAA-7,TEX
TGTGTTTCAGCGATCC-7,TEX
TGTGTTTGTCATCGGC-7,TEX
TGTTCCGCACTCAGGC-7,TEX
TTAACTCAGATCCTGT-7,TEX
TTAGGACAGAGTCTGG-7,TEX
TTAGGCAAGATACACA-7,TEX
TTAGGCAGTATAAACG-7,TEX
TTATGCTTCTCGATGA-7,TEX
TTCTACATCGCAAACT-7,TEX
TTCTCAATCGCGCCAA-7,TEX
TTCTTAGCAATGTTGC-7,TEX
TTCTTAGGTCTCACCT-7,TEX
TTGAACGTCGTTTAGG-7,TEX
TTGACTTGTTAAAGAC-7,TEX
TTGACTTTCAGTACGT-7,TEX
TTGCCGTAGTCATGCT-7,TEX
TTGCCGTCACACATGT-7,TEX
TTGGCAAGTAAGTAGT-7,TEX
TTGTAGGAGAACTCGG-7,TEX
TTTCCTCGTCCTCTTG-7,TEX
TTTGGTTCATAAAGGT-7,TEX
TTTGGTTTCTGCTGCT-7,TEX
AAACCTGCAAGGACAC-8,TEX
AAAGATGCATGGTCAT-8,TEX
AAAGATGTCCTCCTAG-8,TEX
AAAGCAAAGTGAATTG-8,TEX
AAAGCAATCTGATTCT-8,TEX
AAAGTAGAGAGTAATC-8,TEX
AAAGTAGAGGTGATAT-8,TEX
AAAGTAGGTCAACTGT-8,TEX
AAAGTAGGTTTGACTG-8,TEX
AACACGTAGGAATTAC-8,TEX
AACCATGTCAGCTCTC-8,TEX
AACGTTGTCATGCATG-8,TEX
AACTCAGAGAAAGTGG-8,TEX
AACTCCCTCTTGCAAG-8,TEX
AACTCTTCACAAGTAA-8,TEX
AATCCAGTCAAGAAGT-8,TEX
ACAGCTACATGTAAGA-8,TEX
ACAGCTATCTGCCAGG-8,TEX
ACCCACTTCGATGAGG-8,TEX
ACGAGGAAGCTGAAAT-8,TEX
ACGATACAGTGAAGTT-8,TEX
ACGATGTGTGGCAAAC-8,TEX
ACGCAGCCACATCCAA-8,TEX
ACGCCAGAGCATGGCA-8,TEX
ACGCCAGAGCCGCCTA-8,TEX
ACGCCGAGTGAAAGAG-8,TEX
ACGGGCTTCAATAAGG-8,TEX
ACGGGTCAGTCCATAC-8,TEX
ACTATCTTCAGTTTGG-8,TEX
ACTGATGAGATTACCC-8,TEX
ACTTGTTGTTCTGGTA-8,TEX
AGAATAGGTTTGCATG-8,TEX
AGACGTTGTACCGTTA-8,TEX
AGAGCTTAGAGCTATA-8,TEX
AGAGCTTCACAACTGT-8,TEX
AGAGTGGCAACACGCC-8,TEX
AGATCTGTCCCAAGAT-8,TEX
AGATTGCGTAGGCATG-8,TEX
AGCCTAACAAAGGTGC-8,TEX
AGCCTAAGTGTGACGA-8,TEX
AGCCTAAGTTATCACG-8,TEX
AGCGGTCTCACGCATA-8,TEX
AGCGTATAGGGAACGG-8,TEX
AGGCCGTGTTGTCGCG-8,TEX
AGGGTGATCGGCGCTA-8,TEX
AGGTCCGCAAGGACTG-8,TEX
AGTGGGACATGATCCA-8,TEX
AGTGTCATCCTCAACC-8,TEX
AGTTGGTAGGAATCGC-8,TEX
ATAACGCCAACACGCC-8,TEX
ATAGACCGTCTCCACT-8,TEX
ATCACGAAGCCTTGAT-8,TEX
ATCCGAAGTGTGAAAT-8,TEX
ATCGAGTCAAATTGCC-8,TEX
ATCTACTCAGGCGATA-8,TEX
ATCTACTTCATGTCTT-8,TEX
ATCTACTTCCCTTGCA-8,TEX
ATCTACTTCCGCAGTG-8,TEX
ATGCGATAGGCCCTCA-8,TEX
ATGGGAGAGAACAACT-8,TEX
ATTTCTGAGGAGTTGC-8,TEX
ATTTCTGCAGGAATCG-8,TEX
CAACTAGAGGTGGGTT-8,TEX
CAACTAGGTTGGAGGT-8,TEX
CAAGATCCATGACATC-8,TEX
CACAAACTCATGTAGC-8,TEX
CACACTCAGCATCATC-8,TEX
CACAGGCCAAGTTCTG-8,TEX
CACAGGCGTCTCGTTC-8,TEX
CACATTTCATGAAGTA-8,TEX
CACCAGGAGATAGGAG-8,TEX
CACCAGGTCGAACTGT-8,TEX
CAGAGAGCACAACTGT-8,TEX
CAGAGAGCATCCTTGC-8,TEX
CAGAGAGTCTCCTATA-8,TEX
CAGCAGCAGATGTGTA-8,TEX
CAGCCGAGTTCTCATT-8,TEX
CAGCTAAGTAAGCACG-8,TEX
CAGCTGGAGCTTATCG-8,TEX
CATGCCTGTCATATCG-8,TEX
CCAATCCGTACCGTTA-8,TEX
CCACTACAGGCTAGGT-8,TEX
CCCAGTTTCCATTCTA-8,TEX
CCGGTAGGTGAGGCTA-8,TEX
CCGTACTAGGGTGTTG-8,TEX
CCGTGGAGTGCGATAG-8,TEX
CCGTTCAGTCGGGTCT-8,TEX
CCTCAGTAGACGCTTT-8,TEX
CGAGCCATCTTCCTTC-8,TEX
CGATCGGTCTTGTTTG-8,TEX
CGCGGTAGTAAACCTC-8,TEX
CGCTTCACATGCCCGA-8,TEX
CGGACGTTCCTATGTT-8,TEX
CGGACTGGTCTAACGT-8,TEX
CGGACTGTCTGCTGTC-8,TEX
CGGAGCTAGACACTAA-8,TEX
CGGAGCTGTCACTGGC-8,TEX
CGGAGCTGTTGTGGAG-8,TEX
CGGAGTCTCGCCTGAG-8,TEX
CGGGTCAGTAGCGTGA-8,TEX
CGGTTAAAGGAGTCTG-8,TEX
CGGTTAAAGTGTACTC-8,TEX
CGTAGGCCACAGACTT-8,TEX
CGTCAGGCATGCATGT-8,TEX
CGTCAGGCATTCCTGC-8,TEX
CGTCCATGTAAGTTCC-8,TEX
CGTCTACAGAACAATC-8,TEX
CGTGAGCCATGGGACA-8,TEX
CGTTGGGGTAAGTGGC-8,TEX
CTAACTTCAAGGTTCT-8,TEX
CTAAGACTCCGAATGT-8,TEX
CTAAGACTCGTAGGTT-8,TEX
CTAATGGTCAGCACAT-8,TEX
CTACATTAGAGGGCTT-8,TEX
CTACGTCGTTATCGGT-8,TEX
CTAGCCTTCATTGCCC-8,TEX
CTAGTGAAGTTTAGGA-8,TEX
CTCATTATCCTGCAGG-8,TEX
CTCGAGGGTCTAGGTT-8,TEX
CTCTAATCACCAGCAC-8,TEX
CTCTAATTCAGTTTGG-8,TEX
CTCTACGAGTCATGCT-8,TEX
CTCTGGTCAGCGAACA-8,TEX
CTGCCTACACTGCCAG-8,TEX
CTGCGGAAGTACATGA-8,TEX
CTGCGGACAAGGACTG-8,TEX
CTGGTCTTCGCATGGC-8,TEX
CTGTGCTGTGATAAGT-8,TEX
CTGTTTATCTGCTGTC-8,TEX
GAAACTCGTAAGTGTA-8,TEX
GAACCTACAAGACGTG-8,TEX
GAACCTATCTTCGGTC-8,TEX
GAACGGAAGTGTTGAA-8,TEX
GAATGAACACCGGAAA-8,TEX
GAATGAATCAGGTAAA-8,TEX
GACCAATGTGAGCGAT-8,TEX
GACGTTAGTTCTGAAC-8,TEX
GACTAACTCAGAGACG-8,TEX
GACTGCGCAAGTTAAG-8,TEX
GAGTCCGAGGGCTCTC-8,TEX
GATCGATCACCAGCAC-8,TEX
GATCGATGTCACCTAA-8,TEX
GATCGATTCTGAAAGA-8,TEX
GATCGTAAGCGATTCT-8,TEX
GATCGTACAGGGATTG-8,TEX
GATGAAACAGTAACGG-8,TEX
GATGAGGAGAGCTGGT-8,TEX
GCAAACTAGCTGTTCA-8,TEX
GCAATCACAGGATCGA-8,TEX
GCACATAAGAATAGGG-8,TEX
GCACTCTGTACAGTGG-8,TEX
GCACTCTTCAAGCCTA-8,TEX
GCAGCCACACGACGAA-8,TEX
GCAGTTAGTCGAAAGC-8,TEX
GCATGTATCGTTTATC-8,TEX
GCGGGTTCAGGGTATG-8,TEX
GCTCCTAAGTGTTAGA-8,TEX
GCTCCTAGTAGCTGCC-8,TEX
GCTGCAGTCCGCATAA-8,TEX
GCTGCGATCCCTGACT-8,TEX
GCTGGGTAGAGCCCAA-8,TEX
GCTGGGTTCGGCGGTT-8,TEX
GGAACTTTCATGTCCC-8,TEX
GGAACTTTCGAGGTAG-8,TEX
GGAACTTTCGTCCGTT-8,TEX
GGAATAAAGACTAGAT-8,TEX
GGACAAGAGAATAGGG-8,TEX
GGACAGAAGAGTCGGT-8,TEX
GGACATTGTGATGTCT-8,TEX
GGAGCAATCACAATGC-8,TEX
GGAGCAATCGCTTGTC-8,TEX
GGATTACAGCAATATG-8,TEX
GGATTACTCCTAGTGA-8,TEX
GGCGACTCAGGATCGA-8,TEX
GGCTGGTTCCTAAGTG-8,TEX
GGGACCTCAGCTCGAC-8,TEX
GGGACCTTCATGTCCC-8,TEX
GGGATGAGTTTAAGCC-8,TEX
GGGTTGCTCAGCCTAA-8,TEX
GGTATTGGTCCGCTGA-8,TEX
GGTGAAGAGCTAACAA-8,TEX
GGTGCGTAGAGCCCAA-8,TEX
GGTGCGTTCAGAGGTG-8,TEX
GGTGTTAGTATTAGCC-8,TEX
GGTGTTATCAAACAAG-8,TEX
GTAACGTTCTCTTATG-8,TEX
GTACGTAGTCGTGGCT-8,TEX
GTAGGCCTCAGCTGGC-8,TEX
GTAGTCATCTACTTAC-8,TEX
GTCATTTTCGGATGTT-8,TEX
GTCCTCAAGGCATGGT-8,TEX
GTCGGGTTCAGGATCT-8,TEX
GTCGTAACATGATCCA-8,TEX
GTCTCGTGTTGACGTT-8,TEX
GTGAAGGAGCCCGAAA-8,TEX
GTGAAGGTCAGAGCTT-8,TEX
GTGCAGCTCGTCGTTC-8,TEX
GTGCGGTCATCTATGG-8,TEX
GTGCGGTCATGCCCGA-8,TEX
GTGCTTCGTGCGCTTG-8,TEX
GTGTGCGGTAGCGTGA-8,TEX
GTTAAGCTCGCCTGAG-8,TEX
GTTCGGGCACATCCAA-8,TEX
GTTCGGGTCACTTATC-8,TEX
GTTTCTAGTCTTGATG-8,TEX
TAAGAGAGTATTACCG-8,TEX
TAAGAGATCCTACAGA-8,TEX
TACACGAAGCCGCCTA-8,TEX
TACACGAGTGCATCTA-8,TEX
TACAGTGCAACTGGCC-8,TEX
TACCTTACATGACGGA-8,TEX
TACGGTACATGCAATC-8,TEX
TACTTACCACATGGGA-8,TEX
TATTACCCACTGAAGG-8,TEX
TCAACGACATCACCCT-8,TEX
TCAGATGGTTGATTGC-8,TEX
TCAGCAAGTCCTGCTT-8,TEX
TCAGCTCAGACCCACC-8,TEX
TCAGGTAGTGCAGGTA-8,TEX
TCAGGTAGTTCCACGG-8,TEX
TCATTACCACGTAAGG-8,TEX
TCCCGATCAGGCGATA-8,TEX
TCGCGTTGTAAGGGAA-8,TEX
TCGGTAAGTCAGAGGT-8,TEX
TCTTCGGTCTGTCTCG-8,TEX
TGAAAGACAGGATCGA-8,TEX
TGACAACCATTCTTAC-8,TEX
TGACTTTGTTCCTCCA-8,TEX
TGAGGGACATCAGTAC-8,TEX
TGCACCTGTACAAGTA-8,TEX
TGCGGGTGTTCATGGT-8,TEX
TGCGGGTTCTCCCTGA-8,TEX
TGGCTGGCAGGTCCAC-8,TEX
TGTGGTAGTACAGTTC-8,TEX
TGTGTTTCAAAGAATC-8,TEX
TGTGTTTCACCAGGCT-8,TEX
TGTTCCGAGGCAAAGA-8,TEX
TTAGGCACAGATGGGT-8,TEX
TTAGTTCTCACGACTA-8,TEX
TTCTCAACAAGAGTCG-8,TEX
TTGAACGCACAGGAGT-8,TEX
TTGCCGTTCCCTAATT-8,TEX
TTGGAACCAAGCCATT-8,TEX
TTGGCAACAACGATCT-8,TEX
TTGTAGGCATTGAGCT-8,TEX
TTTCCTCCAGTACACT-8,TEX
TTTGGTTGTAGCTTGT-8,TEX
AACCGCGCAGGGCATA-9,TEX
AACCGCGTCCCAAGAT-9,TEX
AACGTTGCAGTGAGTG-9,TEX
AACTCCCCACAAGCCC-9,TEX
AACTCCCTCCGAGCCA-9,TEX
AAGACCTAGGTGCTTT-9,TEX
AAGCCGCAGGGTGTTG-9,TEX
AAGCCGCGTAAGCACG-9,TEX
AAGGCAGTCTTAGAGC-9,TEX
AAGTCTGCACCGTTGG-9,TEX
AATCGGTCATTCTTAC-9,TEX
AATCGGTTCGAACTGT-9,TEX
ACAGCTAGTCACCCAG-9,TEX
ACCGTAATCCCAAGAT-9,TEX
ACCGTAATCGCCTGAG-9,TEX
ACCTTTACACAGGTTT-9,TEX
ACGCAGCAGATGGGTC-9,TEX
ACGCAGCGTTTGTTTC-9,TEX
ACGCCGATCTGGTATG-9,TEX
ACGGCCACATATGAGA-9,TEX
ACGTCAAAGTTTAGGA-9,TEX
ACTATCTGTTTAGGAA-9,TEX
ACTGCTCTCTCCAGGG-9,TEX
AGAGCGAAGCTGAACG-9,TEX
AGAGCTTAGTCAAGGC-9,TEX
AGAGCTTCATTAACCG-9,TEX
AGAGCTTTCACGATGT-9,TEX
AGATCTGAGTCTCCTC-9,TEX
AGATCTGCAGCTCCGA-9,TEX
AGCATACCACGCATCG-9,TEX
AGCGGTCAGCTACCGC-9,TEX
AGCGGTCGTGCGGTAA-9,TEX
AGCGTATAGCCACGCT-9,TEX
AGCGTATGTTGAGGTG-9,TEX
AGCGTATTCACCTCGT-9,TEX
AGGCCACTCCTTTCTC-9,TEX
AGGGATGCACATTCGA-9,TEX
AGTCTTTAGCTTATCG-9,TEX
AGTGTCAGTCTACCTC-9,TEX
AGTTGGTAGATCTGCT-9,TEX
ATAACGCAGAAGCCCA-9,TEX
ATAAGAGAGGATATAC-9,TEX
ATAAGAGCAATAGCGG-9,TEX
ATAAGAGGTTATGCGT-9,TEX
ATCATCTTCAAAGTAG-9,TEX
ATCATGGAGCTAACAA-9,TEX
ATGCGATTCACCACCT-9,TEX
ATTACTCAGCTGCAAG-9,TEX
ATTACTCAGGGTTCCC-9,TEX
ATTGGTGAGGCTAGAC-9,TEX
ATTTCTGCAAGCGATG-9,TEX
CAACCTCAGAATTGTG-9,TEX
CAACCTCTCCGTTGTC-9,TEX
CAAGATCAGAAGGTGA-9,TEX
CAAGTTGCATCATCCC-9,TEX
CACACCTAGCCTTGAT-9,TEX
CACAGGCGTGTGACGA-9,TEX
CACATAGGTGCTCTTC-9,TEX
CACCAGGAGGCCCTCA-9,TEX
CAGATCAAGTGGACGT-9,TEX
CAGCATATCGCCTGAG-9,TEX
CAGCCGAGTTGGTTTG-9,TEX
CATATGGAGTGTTGAA-9,TEX
CATATGGCATCGGGTC-9,TEX
CATCGGGTCATTTGGG-9,TEX
CATGCCTCAAGTTCTG-9,TEX
CATTATCAGTTGTAGA-9,TEX
CATTCGCTCTCCCTGA-9,TEX
CCACCTACAGCTGTGC-9,TEX
CCACGGATCGCCGTGA-9,TEX
CCATTCGGTATTACCG-9,TEX
CCATTCGGTCACAAGG-9,TEX
CCCTCCTTCACGCGGT-9,TEX
CCGGGATGTATCGCAT-9,TEX
CCGGGATTCGGATGTT-9,TEX
CCGTACTCACCTTGTC-9,TEX
CCGTGGAGTGCAGACA-9,TEX
CCTAGCTTCTCAAACG-9,TEX
CCTATTACATTACGAC-9,TEX
CCTCTGAGTTAAGACA-9,TEX
CCTTCCCGTCCCGACA-9,TEX
CCTTCGAGTTGGGACA-9,TEX
CCTTTCTGTAGCGCTC-9,TEX
CGAGCCAAGCACACAG-9,TEX
CGAGCCAGTTGGTGGA-9,TEX
CGATGGCGTAAGGGCT-9,TEX
CGATTGATCCTGCTTG-9,TEX
CGCGGTACAGAGCCAA-9,TEX
CGCGTTTCATATGCTG-9,TEX
CGCGTTTTCCTTAATC-9,TEX
CGCGTTTTCTGAAAGA-9,TEX
CGCTTCAGTCGTCTTC-9,TEX
CGGACGTAGACAATAC-9,TEX
CGGACTGCAGCGTCCA-9,TEX
CGGAGCTAGGCTAGAC-9,TEX
CGGAGCTCAAGGACAC-9,TEX
CGGTTAACACCGCTAG-9,TEX
CGTAGGCCATCCTAGA-9,TEX
CGTCCATGTTCGTCTC-9,TEX
CGTCTACCAAACAACA-9,TEX
CGTCTACGTTACCGAT-9,TEX
CGTGTAAAGGCTCAGA-9,TEX
CGTGTAAGTAAGTGTA-9,TEX
CGTTCTGAGGTAGCCA-9,TEX
CTAAGACAGAGGTAGA-9,TEX
CTACACCTCAGCGACC-9,TEX
CTACCCAGTGACTCAT-9,TEX
CTACGTCCAGGGTATG-9,TEX
CTCACACAGGGTTCCC-9,TEX
CTCACACTCACCTCGT-9,TEX
CTCCTAGGTCTTGTCC-9,TEX
CTCGAAAAGTGGTAAT-9,TEX
CTCGAGGAGACAGAGA-9,TEX
CTCGAGGGTCTTCTCG-9,TEX
CTCGTCAAGGTGATAT-9,TEX
CTCTAATTCCGAACGC-9,TEX
CTCTACGTCAATAAGG-9,TEX
CTCTGGTCACCTGGTG-9,TEX
CTGAAACCAGCGTTCG-9,TEX
CTGATAGCAGATGGGT-9,TEX
CTGCCTAAGCCGCCTA-9,TEX
CTGCGGAAGCGTTCCG-9,TEX
CTGCTGTTCTATGTGG-9,TEX
CTTACCGTCCCTCAGT-9,TEX
CTTACCGTCTGACCTC-9,TEX
CTTAGGAAGTGGGCTA-9,TEX
CTTGGCTTCAACGGGA-9,TEX
GACACGCAGCAGATCG-9,TEX
GACCAATCACTATCTT-9,TEX
GACCTGGAGCTAGCCC-9,TEX
GACGGCTCAGGGTATG-9,TEX
GACGGCTGTCGAAAGC-9,TEX
GACGTTAGTCGCTTCT-9,TEX
GACTAACTCCATGAAC-9,TEX
GACTACACAGGACCCT-9,TEX
GAGGTGACAATGGATA-9,TEX
GATCGATCACCAGATT-9,TEX
GATGCTAAGATAGTCA-9,TEX
GATTCAGGTTTAAGCC-9,TEX
GCAAACTAGCGCTCCA-9,TEX
GCAATCATCATGCTCC-9,TEX
GCATACAAGGGAGTAA-9,TEX
GCCTCTAAGTGGACGT-9,TEX
GCGCAACTCCGAACGC-9,TEX
GCGCCAAGTAGGCTGA-9,TEX
GCGCGATCACTGTCGG-9,TEX
GCGGGTTAGATAGTCA-9,TEX
GCGGGTTCATCAGTCA-9,TEX
GCTCTGTGTGTGACGA-9,TEX
GCTGCAGAGACCGGAT-9,TEX
GCTGGGTAGCAATATG-9,TEX
GCTGGGTAGCGATAGC-9,TEX
GCTTCCACACGAAAGC-9,TEX
GGACAAGCACTGAAGG-9,TEX
GGACATTCAGACAGGT-9,TEX
GGATTACAGCAGCCTC-9,TEX
GGATTACTCATAGCAC-9,TEX
GGCCGATAGGGCTTCC-9,TEX
GGCTGGTTCCGAAGAG-9,TEX
GGGATGAGTCCGTCAG-9,TEX
GGGTCTGAGAGACGAA-9,TEX
GGTGCGTAGTCCGGTC-9,TEX
GGTGCGTCATGCCTAA-9,TEX
GTAACGTTCGGTTCGG-9,TEX
GTAGTCACAGCCTTGG-9,TEX
GTCATTTAGTGGAGTC-9,TEX
GTCGTAACAATAAGCA-9,TEX
GTCTTCGAGATCACGG-9,TEX
GTGTTAGTCTAACTTC-9,TEX
GTTAAGCAGAAACCAT-9,TEX
GTTCATTGTATGAAAC-9,TEX
GTTCGGGTCTGCCAGG-9,TEX
GTTCTCGGTCCGAGTC-9,TEX
TAAGAGAGTGTTGGGA-9,TEX
TAAGCGTAGATAGGAG-9,TEX
TACCTTAGTTTGACTG-9,TEX
TACGGGCGTCGGCATC-9,TEX
TACTCGCGTGTTGAGG-9,TEX
TACTTACGTGCAGACA-9,TEX
TACTTGTGTTCGCGAC-9,TEX
TAGACCAGTGAAAGAG-9,TEX
TAGCCGGAGAAGGGTA-9,TEX
TAGCCGGAGGATATAC-9,TEX
TAGCCGGCAATCCAAC-9,TEX
TAGGCATGTACGCTGC-9,TEX
TAGTGGTTCGTATCAG-9,TEX
TATCAGGCACGTCTCT-9,TEX
TATGCCCCAGATCCAT-9,TEX
TCAACGAAGGCGATAC-9,TEX
TCAATCTCAAGAGTCG-9,TEX
TCACAAGAGCCGGTAA-9,TEX
TCATTACAGACGCTTT-9,TEX
TCATTACGTGCACTTA-9,TEX
TCATTTGTCCTATGTT-9,TEX
TCCACACAGGAGTTGC-9,TEX
TCCCGATAGTATCTCG-9,TEX
TCGCGTTAGATGGGTC-9,TEX
TCGGTAAAGTGGGCTA-9,TEX
TCGTACCAGAAGATTC-9,TEX
TCTCATAAGCGTTGCC-9,TEX
TGAAAGAAGGTGGGTT-9,TEX
TGAAAGACAGCAGTTT-9,TEX
TGAAAGAGTCGATTGT-9,TEX
TGACAACGTTCTCATT-9,TEX
TGACTTTCAGACAAGC-9,TEX
TGAGAGGTCTCGCATC-9,TEX
TGAGCCGAGTTGAGAT-9,TEX
TGCGGGTCACATGACT-9,TEX
TGCGGGTGTCATATGC-9,TEX
TGCGGGTGTTACAGAA-9,TEX
TGCGTGGCAAGGTTTC-9,TEX
TGGACGCAGAGCTTCT-9,TEX
TGGGCGTCAGCTCGAC-9,TEX
TGTGTTTTCCTGCTTG-9,TEX
TGTGTTTTCGTGACAT-9,TEX
TTAACTCAGTCTCAAC-9,TEX
TTAGGCACACCAACCG-9,TEX
TTCCCAGTCGTACGGC-9,TEX
TTCTCCTTCATGCTCC-9,TEX
TTCTTAGAGCCCAATT-9,TEX
TTGCGTCAGGCACATG-9,TEX
TTGCGTCTCTGCTGCT-9,TEX
TTGGAACCAGTTAACC-9,TEX
TTGTAGGGTAGCGTGA-9,TEX
TTTATGCCATGCATGT-9,TEX
TTTGCGCTCCGTAGGC-9,TEX
AACACGTTCGGCATCG-10,TEX
AACCATGCAGTCGTGC-10,TEX
AACCGCGTCTGCGTAA-10,TEX
AACTCCCTCTCTGAGA-10,TEX
AAGGCAGAGCACAGGT-10,TEX
ACACTGAGTTTAGCTG-10,TEX
ACATGGTCAGCCTTTC-10,TEX
ACCTTTATCCGAAGAG-10,TEX
ACCTTTATCTCGAGTA-10,TEX
ACGAGGAAGGCCCTCA-10,TEX
ACGCCGAGTTCTGTTT-10,TEX
ACGGAGACATCCGCGA-10,TEX
ACTTTCATCTCAAACG-10,TEX
AGAGCTTGTCTGATTG-10,TEX
AGCAGCCAGCCACGCT-10,TEX
AGGCCGTTCTCTGCTG-10,TEX
AGGTCCGCAGTATGCT-10,TEX
AGTAGTCAGTTCGCGC-10,TEX
AGTTGGTGTCACAAGG-10,TEX
ATAAGAGCAGTGGAGT-10,TEX
ATAGACCTCGAGCCCA-10,TEX
ATCTACTCACGCCAGT-10,TEX
ATGAGGGGTAAGTTCC-10,TEX
ATTATCCAGAGGTACC-10,TEX
ATTCTACTCTCCAGGG-10,TEX
CAAGATCAGTCGATAA-10,TEX
CACAGGCCACAGCGTC-10,TEX
CACAGTATCAAGCCTA-10,TEX
CAGCTGGAGATCCTGT-10,TEX
CATATGGCAGGTGGAT-10,TEX
CATCGGGGTCCGCTGA-10,TEX
CATGGCGGTTGGACCC-10,TEX
CATTATCTCAGCAACT-10,TEX
CCAATCCAGGCTCATT-10,TEX
CCAATCCAGTGACATA-10,TEX
CCAATCCTCAACGCTA-10,TEX
CCACCTAGTTCGGGCT-10,TEX
CCAGCGACAGAGTGTG-10,TEX
CCCAATCGTCCAGTTA-10,TEX
CCCAATCGTCTCATCC-10,TEX
CCGGTAGGTCAACATC-10,TEX
CCTTACGGTACATGTC-10,TEX
CCTTACGGTGTTTGTG-10,TEX
CGAGCACTCCACTGGG-10,TEX
CGATTGACATCTATGG-10,TEX
CGCGGTACATTGAGCT-10,TEX
CGCTATCAGTGTCTCA-10,TEX
CGGTTAACATGGGACA-10,TEX
CGTAGGCAGAGACTAT-10,TEX
CGTCAGGTCCAATGGT-10,TEX
CGTGAGCTCTGTCTAT-10,TEX
CTAAGACAGTCCATAC-10,TEX
CTAGTGAAGAATGTTG-10,TEX
CTCCTAGGTCCGACGT-10,TEX
CTCCTAGGTCTCATCC-10,TEX
CTCGAGGCAGTTCCCT-10,TEX
CTCGGGAGTTGGAGGT-10,TEX
CTCGTACCATACAGCT-10,TEX
CTCTGGTTCAGTCCCT-10,TEX
CTGAAGTGTAGGAGTC-10,TEX
CTGATAGCATCACAAC-10,TEX
CTGTGCTGTACCGCTG-10,TEX
CTGTTTAGTTCTGGTA-10,TEX
CTTGGCTCAATCCAAC-10,TEX
GACCTGGGTCATGCAT-10,TEX
GACCTGGGTGGCTCCA-10,TEX
GACGCGTTCGGAGGTA-10,TEX
GACGTTAAGAAACCAT-10,TEX
GACTAACCACTAGTAC-10,TEX
GACTGCGCACCACCAG-10,TEX
GACTGCGTCGGCATCG-10,TEX
GAGCAGACACCACGTG-10,TEX
GCATGTAAGAGGGATA-10,TEX
GCTCTGTGTGTTCTTT-10,TEX
GCTGCGAAGACATAAC-10,TEX
GGAACTTCAGACGTAG-10,TEX
GGACAGATCTTTAGGG-10,TEX
GGACATTAGACAGACC-10,TEX
GGACATTCACGAAACG-10,TEX
GGATTACAGGCCATAG-10,TEX
GGGAATGGTTGGTGGA-10,TEX
GGGTTGCAGTCTCCTC-10,TEX
GTAACGTTCTAACCGA-10,TEX
GTCCTCAAGGCATTGG-10,TEX
GTCGTAAGTCTACCTC-10,TEX
GTGCATAGTAGGCTGA-10,TEX
GTGTTAGAGGCTCTTA-10,TEX
GTTAAGCCAAACTGCT-10,TEX
GTTCATTGTGTTTGTG-10,TEX
GTTCATTTCAGCTCGG-10,TEX
TAAACCGCAAACGCGA-10,TEX
TAAGTGCCATCCAACA-10,TEX
TACAGTGGTATAGTAG-10,TEX
TATCAGGTCGGAATCT-10,TEX
TCACAAGTCGCCGTGA-10,TEX
TCAGATGCATCCGTGG-10,TEX
TCAGCTCAGATCTGCT-10,TEX
TCATTACCAGGGAGAG-10,TEX
TCGTAGAAGGTGATTA-10,TEX
TCGTAGATCAGCCTAA-10,TEX
TCTATTGGTGACGCCT-10,TEX
TCTGGAAGTAGGCATG-10,TEX
TGAAAGAGTTAAGAAC-10,TEX
TGATTTCGTCCGAACC-10,TEX
TGCACCTAGTGAACAT-10,TEX
TGCCCTATCTGTGCAA-10,TEX
TGCTGCTCACGGTAGA-10,TEX
TTAGGACAGATGGCGT-10,TEX
TTAGGACAGCGCCTCA-10,TEX
TTAGGACCAATCTGCA-10,TEX
TTAGGACCAGTCAGCC-10,TEX
TTATGCTGTAGCCTAT-10,TEX
TTCGAAGTCGTCTGAA-10,TEX
TTCTTAGTCCAGTAGT-10,TEX
TTTACTGAGTGAAGAG-10,TEX
TTTGCGCTCGTCCGTT-10,TEX
AAACCTGCAATGGAAT-11,TEX
AAACGGGTCCTCCTAG-11,TEX
AAAGTAGAGTAGGCCA-11,TEX
AAAGTAGCACCAGGTC-11,TEX
AACTCTTAGTCCGTAT-11,TEX
AACTCTTTCAACACGT-11,TEX
AACTTTCGTGTCTGAT-11,TEX
AAGACCTAGGCGATAC-11,TEX
AAGCCGCCAGACGCAA-11,TEX
AAGGTTCAGTATGACA-11,TEX
ACACCCTCAGTAAGCG-11,TEX
ACATACGAGATGGCGT-11,TEX
ACATCAGAGACGCTTT-11,TEX
ACCCACTAGATATGGT-11,TEX
ACCCACTGTTCACCTC-11,TEX
ACCTTTAGTCAGAATA-11,TEX
ACGAGCCAGATCTGAA-11,TEX
ACGATACCAATGAAAC-11,TEX
ACGCAGCCACAGATTC-11,TEX
ACTATCTCAATCTACG-11,TEX
ACTGATGGTCAAACTC-11,TEX
ACTTGTTAGATCTGAA-11,TEX
ACTTTCAAGTGCGTGA-11,TEX
AGATTGCCACCAGATT-11,TEX
AGCGGTCAGGGCACTA-11,TEX
AGGGATGAGTCCCACG-11,TEX
AGGGATGCAGCCACCA-11,TEX
AGGTCATGTACTTCTT-11,TEX
AGGTCCGCATTCGACA-11,TEX
AGTGTCAGTCTGGTCG-11,TEX
ATCCACCTCCCATTTA-11,TEX
ATGAGGGAGTCACGCC-11,TEX
ATGAGGGCACCGTTGG-11,TEX
ATTGGACGTCCAGTGC-11,TEX
CAACCAAGTAGGACAC-11,TEX
CAACCTCAGCAATCTC-11,TEX
CAACCTCTCGAATGGG-11,TEX
CAACCTCTCTGTTTGT-11,TEX
CAAGTTGTCAGAAATG-11,TEX
CACACTCTCAGTACGT-11,TEX
CACATTTCATCACGTA-11,TEX
CACATTTTCGCCTGAG-11,TEX
CACCTTGTCTTTACGT-11,TEX
CAGCAGCGTCTAGCCG-11,TEX
CAGCCGACAGGGTATG-11,TEX
CAGCGACTCGTCACGG-11,TEX
CAGCTGGAGCGTGTCC-11,TEX
CAGCTGGTCGTAGGTT-11,TEX
CATCAGAAGAGACGAA-11,TEX
CATCCACAGCTGCGAA-11,TEX
CATCGGGCACATCCGG-11,TEX
CATGGCGTCCGCGCAA-11,TEX
CCACCTACATTGTGCA-11,TEX
CCGTACTAGATGGCGT-11,TEX
CCTAGCTTCTGGTGTA-11,TEX
CCTATTACAATCAGAA-11,TEX
CCTTACGGTAGGCATG-11,TEX
CGAACATAGTCGTTTG-11,TEX
CGACCTTGTTGTTTGG-11,TEX
CGACTTCGTTCACGGC-11,TEX
CGATGTAAGATGAGAG-11,TEX
CGCTGGAAGCTTATCG-11,TEX
CGCTGGATCACTGGGC-11,TEX
CGGAGCTAGACTTTCG-11,TEX
CGGAGCTGTTTAAGCC-11,TEX
CGGTTAAGTCCCTACT-11,TEX
CGTAGCGAGGGATGGG-11,TEX
CGTCCATCACTGCCAG-11,TEX
CGTCCATCAGATGGGT-11,TEX
CGTGAGCAGGAATTAC-11,TEX
CGTGAGCTCAGTTGAC-11,TEX
CTAGAGTGTTGGAGGT-11,TEX
CTAGTGACATCTCGCT-11,TEX
CTGAAGTAGGGTCGAT-11,TEX
CTGATCCGTCGATTGT-11,TEX
CTGCCTACACGGTAAG-11,TEX
CTGCTGTAGTAACCCT-11,TEX
CTTCTCTAGAGCAATT-11,TEX
CTTTGCGTCTGTTGAG-11,TEX
GAAATGAAGTATCTCG-11,TEX
GAAATGACACAAGACG-11,TEX
GAACCTAAGACAGGCT-11,TEX
GACACGCCAAGCCGCT-11,TEX
GACCTGGAGTGGAGTC-11,TEX
GACCTGGTCTCCAGGG-11,TEX
GACGGCTTCATGTGGT-11,TEX
GACGTGCGTGCACGAA-11,TEX
GACTACAAGTTACGGG-11,TEX
GACTGCGGTGTTCGAT-11,TEX
GAGCAGATCAAACAAG-11,TEX
GATCAGTTCAGAGCTT-11,TEX
GATCGCGGTTTGTGTG-11,TEX
GATCGTACACGGCGTT-11,TEX
GATTCAGTCTAACTGG-11,TEX
GCAAACTTCTATCGCC-11,TEX
GCAAACTTCTCCAGGG-11,TEX
GCACTCTCATTAGCCA-11,TEX
GCAGCCAAGGATGCGT-11,TEX
GCAGTTAAGTCTCGGC-11,TEX
GCAGTTATCAGCTGGC-11,TEX
GCCAAATGTCGATTGT-11,TEX
GCCTCTAAGCGTTGCC-11,TEX
GCGACCAAGAGACTAT-11,TEX
GCGACCAAGGCTACGA-11,TEX
GCGACCAGTACGCTGC-11,TEX
GCTGCGACAGCATGAG-11,TEX
GCTTGAAGTACCTACA-11,TEX
GCTTGAATCATGTCTT-11,TEX
GGAAAGCTCATTTGGG-11,TEX
GGACAAGTCACCTTAT-11,TEX
GGACAGACATGCCTAA-11,TEX
GGCCGATAGCACACAG-11,TEX
GGCTGGTAGAACTGTA-11,TEX
GGTGCGTGTATTAGCC-11,TEX
GGTGCGTGTCCAGTTA-11,TEX
GGTGCGTTCGTAGATC-11,TEX
GTAACGTGTTTACTCT-11,TEX
GTACGTATCCTGTAGA-11,TEX
GTACTTTGTGGTCCGT-11,TEX
GTACTTTGTTAAGAAC-11,TEX
GTCACGGCATCCGTGG-11,TEX
GTCATTTGTCACTTCC-11,TEX
GTCGTAAAGTACGTTC-11,TEX
GTGCATAAGTCTCAAC-11,TEX
GTGCGGTTCGGCTACG-11,TEX
GTGTGCGGTGGACGAT-11,TEX
GTTCATTAGGCCCTTG-11,TEX
GTTTCTACATCCAACA-11,TEX
TAAGAGAGTCTCAACA-11,TEX
TAAGCGTCAGTCACTA-11,TEX
TACACGACAGACAGGT-11,TEX
TACCTATTCAGGCAAG-11,TEX
TACGGATCAACTGCGC-11,TEX
TACGGGCCACGAAATA-11,TEX
TACGGTAAGGCATTGG-11,TEX
TACTTGTAGTAGCGGT-11,TEX
TACTTGTCACGCTTTC-11,TEX
TACTTGTTCTACCTGC-11,TEX
TATCAGGCAAGCCATT-11,TEX
TATCTCAGTGGTAACG-11,TEX
TCAATCTCACCAACCG-11,TEX
TCAATCTTCTTATCTG-11,TEX
TCAGCTCCATCCTTGC-11,TEX
TCAGGTACAGGTCGTC-11,TEX
TCATTTGAGTGTTGAA-11,TEX
TCCACACGTGAGTATA-11,TEX
TCGTACCGTACCGGCT-11,TEX
TCTCTAAAGTGATCGG-11,TEX
TGACAACGTGCAACGA-11,TEX
TGACTTTAGTCCGGTC-11,TEX
TGAGCATTCTGTCAAG-11,TEX
TGATTTCAGTTAGCGG-11,TEX
TGGCGCATCATCTGCC-11,TEX
TGTCCCAAGTCTCGGC-11,TEX
TGTTCCGCACCGTTGG-11,TEX
TTCCCAGCAAGCCGCT-11,TEX
TTCTTAGTCCAAACAC-11,TEX
TTGCCGTAGTATTGGA-11,TEX
TTGTAGGCATCGGGTC-11,TEX
TTTACTGGTAGCGCAA-11,TEX
TTTATGCGTCTGATTG-11,TEX
TTTATGCTCCATGCTC-11,TEX
TTTCCTCAGTTGTAGA-11,TEX
AAATGCCGTTCGTCTC-12,TEX
AACACGTTCAGTCAGT-12,TEX
AACCGCGCACGGTTTA-12,TEX
AACCGCGTCAGGTTCA-12,TEX
AACGTTGCATGCCTAA-12,TEX
AAGGCAGCACGTCTCT-12,TEX
AAGGCAGGTGCACTTA-12,TEX
ACAGCTATCAATCTCT-12,TEX
ACGCCAGAGCCAACAG-12,TEX
ACGCCGAAGCCATCGC-12,TEX
ACGGCCAGTCTGCGGT-12,TEX
ACGGGCTCATTAGCCA-12,TEX
ACGGGTCAGACAGGCT-12,TEX
ACTGAACAGCGTCTAT-12,TEX
ACTGAACAGTAGGTGC-12,TEX
ACTGCTCGTCGAACAG-12,TEX
ACTTTCAAGGCCATAG-12,TEX
ACTTTCATCCACTCCA-12,TEX
AGAGCGATCCACGAAT-12,TEX
AGCATACAGTTGTCGT-12,TEX
AGCGGTCTCGCAAACT-12,TEX
AGGCCGTGTGAACCTT-12,TEX
AGGTCATCAGACAAAT-12,TEX
AGGTCATCATACGCTA-12,TEX
ATAGACCTCTGGCGTG-12,TEX
ATCACGAAGCTAGTGG-12,TEX
ATCGAGTTCCTGCCAT-12,TEX
ATTGGACTCTTACCTA-12,TEX
CAACCAAGTGCCTTGG-12,TEX
CAAGAAAGTGAAAGAG-12,TEX
CAAGATCGTGACCAAG-12,TEX
CACCACTGTCTAGCGC-12,TEX
CACCAGGCAAGGACAC-12,TEX
CAGCATAAGTCGTACT-12,TEX
CAGCATACAGATGGGT-12,TEX
CAGCCGATCTCTTGAT-12,TEX
CAGCTAAAGTCCGGTC-12,TEX
CAGGTGCGTTCCACAA-12,TEX
CAGTAACTCTGGTATG-12,TEX
CAGTCCTCATGTTGAC-12,TEX
CATCAGAGTTAAGTAG-12,TEX
CCTAAAGAGCTAAACA-12,TEX
CCTCTGAGTGGTACAG-12,TEX
CGACTTCAGATGGGTC-12,TEX
CGACTTCCATCTCGCT-12,TEX
CGATCGGAGCTTCGCG-12,TEX
CGCCAAGGTCAGTGGA-12,TEX
CGCTTCACAACGATGG-12,TEX
CGGACACCATGCATGT-12,TEX
CGGACTGTCTTGTTTG-12,TEX
CGTAGCGAGGGTCGAT-12,TEX
CGTCAGGAGCGCCTCA-12,TEX
CGTCAGGTCGATCCCT-12,TEX
CGTGTCTCAATGTAAG-12,TEX
CGTTGGGCATCGGAAG-12,TEX
CTACACCTCAACACTG-12,TEX
CTCGAGGGTGAGTGAC-12,TEX
CTCTAATTCGAACGGA-12,TEX
CTGATCCGTTATCCGA-12,TEX
CTGCCTATCGTCTGCT-12,TEX
CTTAACTTCAAGGTAA-12,TEX
CTTAACTTCAATCTCT-12,TEX
CTTGGCTGTCGACTGC-12,TEX
CTTTGCGCAAAGGCGT-12,TEX
GAACGGACAATAGCGG-12,TEX
GAAGCAGAGGATTCGG-12,TEX
GACGGCTGTTCAGTAC-12,TEX
GACGTGCTCTTCGGTC-12,TEX
GACGTTAGTGGTCTCG-12,TEX
GACTAACCAGACGCCT-12,TEX
GACTAACTCCCAACGG-12,TEX
GACTAACTCGGAATCT-12,TEX
GAGCAGAGTGGCGAAT-12,TEX
GAGCAGATCTTAACCT-12,TEX
GATCGCGCATATGCTG-12,TEX
GATGAAAGTACCATCA-12,TEX
GCACTCTTCTGCGACG-12,TEX
GCATGTATCGAATGCT-12,TEX
GCGCAACAGGTCATCT-12,TEX
GCGCAACGTACGAAAT-12,TEX
GCGCAGTAGTAGTGCG-12,TEX
GCGGGTTAGCAGCCTC-12,TEX
GGAACTTAGGACGAAA-12,TEX
GGAACTTGTCTCGTTC-12,TEX
GGACAAGCACCCAGTG-12,TEX
GGACGTCGTTCGAATC-12,TEX
GGATTACCATGATCCA-12,TEX
GGCCGATCAAACGCGA-12,TEX
GGGAGATGTCTCTTAT-12,TEX
GTACGTAAGAGGTAGA-12,TEX
GTACTTTAGGCGATAC-12,TEX
GTATTCTTCCTTGACC-12,TEX
GTCGTAACAGAGCCAA-12,TEX
GTGCGGTCAATGGACG-12,TEX
GTGCGGTGTCCGTTAA-12,TEX
GTGCTTCGTTATGCGT-12,TEX
GTGCTTCTCGCTTGTC-12,TEX
GTGTTAGTCATAACCG-12,TEX
GTTAAGCCACATTTCT-12,TEX
GTTCATTTCGAGCCCA-12,TEX
TACACGATCTACTCAT-12,TEX
TACCTATCAATACGCT-12,TEX
TACCTTACATAAGACA-12,TEX
TACGGATTCCAAGTAC-12,TEX
TACGGATTCTAGAGTC-12,TEX
TACTCGCTCCGTAGGC-12,TEX
TACTTACAGCCAGGAT-12,TEX
TAGTTGGAGCCCTAAT-12,TEX
TATTACCAGAAGGTGA-12,TEX
TCACAAGCAGAGTGTG-12,TEX
TCGCGAGCAGGATTGG-12,TEX
TCGCGAGTCGTGGGAA-12,TEX
TCGCGTTTCAACACAC-12,TEX
TCGTACCGTATAAACG-12,TEX
TCTATTGAGACTTTCG-12,TEX
TGAGCATGTTCGCTAA-12,TEX
TGATTTCAGGGTCTCC-12,TEX
TGCTACCAGTGGGATC-12,TEX
TGCTACCGTTATTCTC-12,TEX
TGCTGCTCAAGTCTGT-12,TEX
TGCTGCTTCTGGGCCA-12,TEX
TGGCGCATCAGTGCAT-12,TEX
TGGCTGGTCGTTTAGG-12,TEX
TGGTTCCTCTAAGCCA-12,TEX
TGTCCCACAAGTAATG-12,TEX
TGTGGTAAGAGCAATT-12,TEX
TTAGGCATCAGCAACT-12,TEX
TTCGAAGCACTTAAGC-12,TEX
TTTGTCATCCAGGGCT-12,TEX
AAATGCCAGAGACTAT-13,TEX
AACACGTTCGGAAACG-13,TEX
AAGGAGCTCCCTCAGT-13,TEX
ACAGCTAAGAAGGACA-13,TEX
ACAGCTAGTATCACCA-13,TEX
ACATACGAGATATACG-13,TEX
ACATACGCAACGCACC-13,TEX
ACATCAGTCCATGAAC-13,TEX
ACCGTAACAATGTAAG-13,TEX
ACGCCAGCACATTTCT-13,TEX
ACTATCTGTACTTGAC-13,TEX
ACTTACTGTAACGCGA-13,TEX
AGCATACAGGTACTCT-13,TEX
AGGTCCGCATGCATGT-13,TEX
AGTCTTTAGCGACGTA-13,TEX
AGTGAGGTCCCTCAGT-13,TEX
AGTGTCACATGGTCTA-13,TEX
ATAACGCTCCGAATGT-13,TEX
ATAAGAGCATTCGACA-13,TEX
ATCATGGCAATTCCTT-13,TEX
ATCTGCCAGTCCCACG-13,TEX
ATTATCCGTTCGTCTC-13,TEX
ATTCTACAGCCCAACC-13,TEX
CAACCAACATGCAATC-13,TEX
CAACTAGGTGAGTGAC-13,TEX
CACAGTACACGAAGCA-13,TEX
CACCAGGCATCACGTA-13,TEX
CAGAATCTCAGGATCT-13,TEX
CAGAGAGGTAACGCGA-13,TEX
CAGCCGAAGGATTCGG-13,TEX
CAGCTAATCTACGAGT-13,TEX
CAGTAACCAAGGCTCC-13,TEX
CCATTCGTCACTTACT-13,TEX
CCCAATCAGTCGCCGT-13,TEX
CCGGGATAGAGACTAT-13,TEX
CCTTACGCATATGGTC-13,TEX
CCTTTCTGTCTCTTAT-13,TEX
CGAATGTGTGTTGGGA-13,TEX
CGAGCCATCGTTACGA-13,TEX
CGATGGCGTACAGACG-13,TEX
CGATGGCGTTGATTGC-13,TEX
CGCGTTTTCCTATTCA-13,TEX
CGCGTTTTCTGCAGTA-13,TEX
CGCTATCAGGCTCAGA-13,TEX
CGCTATCGTTCGTCTC-13,TEX
CGCTTCATCTGCGTAA-13,TEX
CGGACGTCATCGGGTC-13,TEX
CGGACGTTCACTCTTA-13,TEX
CGTAGCGAGATGCGAC-13,TEX
CGTAGGCAGAAACGAG-13,TEX
CGTAGGCTCGTTACGA-13,TEX
CGTTCTGTCCGAGCCA-13,TEX
CTAACTTTCCACGAAT-13,TEX
CTAGAGTCAGCCTTGG-13,TEX
CTCATTAGTCATGCAT-13,TEX
CTGATCCTCAGTACGT-13,TEX
CTTGGCTGTTATTCTC-13,TEX
GAACATCTCAGTGCAT-13,TEX
GAATAAGCAGACACTT-13,TEX
GACAGAGGTAGCACGA-13,TEX
GACCAATAGCTACCGC-13,TEX
GACCAATCAAGCCATT-13,TEX
GACGGCTCACCAGGCT-13,TEX
GACGTTATCACTCTTA-13,TEX
GACTGCGAGTTGCAGG-13,TEX
GATCGATAGTCTCGGC-13,TEX
GATCGTACACAGGAGT-13,TEX
GATTCAGGTTGATTCG-13,TEX
GCAATCATCCACGTGG-13,TEX
GCGCGATGTCTGATTG-13,TEX
GCGGGTTGTCACCCAG-13,TEX
GCTGCTTTCTCCCTGA-13,TEX
GCTGGGTGTACTCGCG-13,TEX
GCTTCCATCTTATCTG-13,TEX
GGACATTGTAAGTAGT-13,TEX
GGATGTTCATCACGTA-13,TEX
GGCAATTGTTTGCATG-13,TEX
GGCTGGTAGACTTGAA-13,TEX
GTACGTACATCATCCC-13,TEX
GTAGTCAAGCATGGCA-13,TEX
GTATTCTAGGATGCGT-13,TEX
GTCAAGTCAACGATGG-13,TEX
GTCAAGTTCCGCGTTT-13,TEX
GTCACAACAATGAAAC-13,TEX
GTCGGGTCAAGACACG-13,TEX
GTGCATAGTCCAAGTT-13,TEX
GTGCGGTGTCATGCCG-13,TEX
GTTACAGCAGGACCCT-13,TEX
GTTACAGCATCGGAAG-13,TEX
GTTTCTATCTAGCACA-13,TEX
TAAACCGCAGGTCTCG-13,TEX
TAAGAGAGTAGAGCTG-13,TEX
TACACGAAGTACTTGC-13,TEX
TACACGAGTCTAGCCG-13,TEX
TACCTATAGCTTATCG-13,TEX
TACGGTAAGGACGAAA-13,TEX
TACGGTAGTGGGTATG-13,TEX
TACTCGCCACCGAATT-13,TEX
TAGACCATCCGCGTTT-13,TEX
TAGTGGTAGGTGCAAC-13,TEX
TCAACGAGTAAGCACG-13,TEX
TCACAAGCATTATCTC-13,TEX
TCACGAAAGAACAACT-13,TEX
TCAGGATCAATGGATA-13,TEX
TCAGGATGTCCGCTGA-13,TEX
TCATTACAGACTAGAT-13,TEX
TCATTACGTTAGGGTG-13,TEX
TCCCGATGTGAAGGCT-13,TEX
TCGAGGCTCCTCAACC-13,TEX
TCGCGAGGTAGCGTCC-13,TEX
TCGGTAATCACCGGGT-13,TEX
TGACAACAGATACACA-13,TEX
TGAGAGGTCTTATCTG-13,TEX
TGCCCTACACGGCCAT-13,TEX
TGCGTGGAGAACTGTA-13,TEX
TGGCCAGTCTTACCGC-13,TEX
TGGCTGGGTCCGAATT-13,TEX
TGTGGTAAGGTAGCTG-13,TEX
TGTGGTATCTTCCTTC-13,TEX
TTCGGTCCAGAGCCAA-13,TEX
TTCTACACATGCTAGT-13,TEX
TTTACTGGTATGAATG-13,TEX
TTTACTGTCACCATAG-13,TEX
AAACGGGGTTCCATGA-14,TEX
AAAGATGTCATCACCC-14,TEX
AACCGCGAGCGACGTA-14,TEX
AACTCCCGTCCGAACC-14,TEX
AACTCCCTCGCCAGCA-14,TEX
AAGACCTAGCCAGTTT-14,TEX
AAGACCTGTCCCTACT-14,TEX
AAGGCAGGTAATCACC-14,TEX
ACACCCTGTTGGGACA-14,TEX
ACACCCTTCTGCGTAA-14,TEX
ACAGCTAAGCACAGGT-14,TEX
ACATACGCAAACGTGG-14,TEX
ACATCAGGTACTCTCC-14,TEX
ACCAGTACATCGGTTA-14,TEX
ACCCACTCACAGATTC-14,TEX
ACGAGCCAGTGGGATC-14,TEX
ACGAGCCGTACACCGC-14,TEX
ACGAGGAAGATCCCGC-14,TEX
ACGAGGAGTTATTCTC-14,TEX
ACGAGGATCGCCATAA-14,TEX
ACGATACGTAGCCTAT-14,TEX
ACGATGTAGGGATACC-14,TEX
ACGATGTTCAGGCGAA-14,TEX
ACGGAGAAGCGTGTCC-14,TEX
ACGGGTCTCTCTTGAT-14,TEX
ACGTCAACAGGTCGTC-14,TEX
ACTGAGTCAGCTTAAC-14,TEX
ACTGAGTCATCGTCGG-14,TEX
ACTGATGGTTTGTTTC-14,TEX
ACTTTCACATGTAAGA-14,TEX
ACTTTCAGTAAGGATT-14,TEX
AGAATAGCAGCTGTGC-14,TEX
AGACGTTGTGACGCCT-14,TEX
AGACGTTTCGCGTTTC-14,TEX
AGATCTGAGGTGCTTT-14,TEX
AGATTGCAGGGTATCG-14,TEX
AGATTGCTCCATTCTA-14,TEX
AGCTCTCAGTTCGCAT-14,TEX
AGCTTGAGTTAAAGAC-14,TEX
AGCTTGAGTTGGGACA-14,TEX
AGGGAGTCAGATCCAT-14,TEX
AGGTCATGTCGCATAT-14,TEX
AGGTCATTCGGCGCTA-14,TEX
AGGTCCGCATATGGTC-14,TEX
AGGTCCGGTTACGACT-14,TEX
AGTCTTTGTTTGTGTG-14,TEX
AGTGGGAGTCGCATAT-14,TEX
AGTGTCAAGTCCGTAT-14,TEX
AGTTGGTGTCCCTACT-14,TEX
AGTTGGTTCAATACCG-14,TEX
ATCACGAAGTTACCCA-14,TEX
ATCATCTTCTTACCTA-14,TEX
ATCATGGAGGGTGTGT-14,TEX
ATCCACCAGGGAGTAA-14,TEX
ATGAGGGGTCCGAAGA-14,TEX
ATGCGATCAAGCCGTC-14,TEX
ATGGGAGGTAAATGAC-14,TEX
ATTTCTGGTCGGCATC-14,TEX
CAACCTCGTCGCATAT-14,TEX
CAACTAGAGTGGTAAT-14,TEX
CAAGTTGTCATCACCC-14,TEX
CACACAAGTACAGTTC-14,TEX
CACACCTAGAGTCTGG-14,TEX
CACACTCTCAAAGACA-14,TEX
CACCACTTCTCTTATG-14,TEX
CACCTTGAGATGGGTC-14,TEX
CACCTTGCAACGATCT-14,TEX
CACCTTGGTCTCTTTA-14,TEX
CAGCAGCGTATAAACG-14,TEX
CAGCGACCACTCGACG-14,TEX
CAGCTAAAGGATTCGG-14,TEX
CAGCTAAAGGTCGGAT-14,TEX
CAGCTAAGTTTGGCGC-14,TEX
CAGCTGGTCGTCGTTC-14,TEX
CAGGTGCGTCCCTACT-14,TEX
CAGTAACCAAGCCGCT-14,TEX
CATGACAAGACCTTTG-14,TEX
CATGGCGCAGGATTGG-14,TEX
CCAATCCAGTACGCCC-14,TEX
CCACTACGTGAGGGAG-14,TEX
CCAGCGATCGCCAAAT-14,TEX
CCCAGTTCAACTGGCC-14,TEX
CCGGTAGAGATGAGAG-14,TEX
CCGTTCAAGCTGTCTA-14,TEX
CCGTTCATCGCAAGCC-14,TEX
CCTCAGTGTTACCAGT-14,TEX
CCTCAGTTCCCGACTT-14,TEX
CCTCTGAAGAAGGTGA-14,TEX
CCTTCCCGTCTAGTCA-14,TEX
CGAACATCAAACGCGA-14,TEX
CGAATGTCACACAGAG-14,TEX
CGAATGTTCTAACCGA-14,TEX
CGAATGTTCTCTGCTG-14,TEX
CGACCTTGTTCGCGAC-14,TEX
CGAGAAGAGTAATCCC-14,TEX
CGAGCCATCGGAATCT-14,TEX
CGCCAAGAGTCAAGGC-14,TEX
CGCGGTACACTAGTAC-14,TEX
CGCTATCAGACTAAGT-14,TEX
CGCTTCAAGTAGATGT-14,TEX
CGGAGTCAGATATACG-14,TEX
CGGAGTCAGCGTGAGT-14,TEX
CGGCTAGAGCCGATTT-14,TEX
CGGGTCATCATTCACT-14,TEX
CGGTTAAGTTCCGGCA-14,TEX
CGTAGGCTCGAGAACG-14,TEX
CGTCCATCAGGACCCT-14,TEX
CGTCTACTCTATGTGG-14,TEX
CGTGTAAAGGAGTACC-14,TEX
CGTGTCTGTTAAAGAC-14,TEX
CGTTAGAGTCTTGATG-14,TEX
CGTTCTGCAACACGCC-14,TEX
CTAACTTTCCCGACTT-14,TEX
CTAATGGAGGCTATCT-14,TEX
CTACACCTCTGCTTGC-14,TEX
CTACATTAGTTGCAGG-14,TEX
CTACCCAGTCATATCG-14,TEX
CTCAGAAAGCCGTCGT-14,TEX
CTCAGAAAGTACGCCC-14,TEX
CTCGGAGAGTACCGGA-14,TEX
CTCGGGATCCTTTACA-14,TEX
CTCGTACCAGGTCGTC-14,TEX
CTCGTACGTAAATGAC-14,TEX
CTCGTACGTGCCTGGT-14,TEX
CTCGTCAAGCCCGAAA-14,TEX
CTCGTCATCATGTAGC-14,TEX
CTCTGGTAGAACTGTA-14,TEX
CTGATCCCAGAGTGTG-14,TEX
CTGATCCGTCTCTTAT-14,TEX
CTGTGCTAGACCACGA-14,TEX
CTGTGCTCACCACCAG-14,TEX
CTTAACTTCACGCGGT-14,TEX
CTTACCGAGTCCGGTC-14,TEX
CTTACCGGTTATCACG-14,TEX
CTTAGGAAGGCTAGCA-14,TEX
CTTTGCGGTTTAGGAA-14,TEX
GAAACTCTCCCTTGCA-14,TEX
GAAACTCTCGGTCTAA-14,TEX
GAACCTACAGCCTTTC-14,TEX
GAACGGATCTATGTGG-14,TEX
GAAGCAGTCACAATGC-14,TEX
GAAGCAGTCCAAGTAC-14,TEX
GAATAAGGTCTAGCGC-14,TEX
GAATAAGGTGCTGTAT-14,TEX
GACAGAGTCGCGTAGC-14,TEX
GACCTGGAGAGTTGGC-14,TEX
GACGTGCCACCTCGTT-14,TEX
GACTGCGGTGCCTGCA-14,TEX
GAGCAGATCGGCATCG-14,TEX
GAGTCCGCATGTCGAT-14,TEX
GAGTCCGGTGCGGTAA-14,TEX
GATCGATTCAGTTGAC-14,TEX
GATCTAGAGCGTGAGT-14,TEX
GATTCAGCAGACGCCT-14,TEX
GCACATAGTCTCTCTG-14,TEX
GCAGCCAAGAGTTGGC-14,TEX
GCAGTTAAGGCTAGCA-14,TEX
GCATGTATCTCGTTTA-14,TEX
GCGACCACACTGTGTA-14,TEX
GCGGGTTCAATGGTCT-14,TEX
GCGGGTTTCCCTCAGT-14,TEX
GCTCCTAGTTACCGAT-14,TEX
GCTCTGTTCTCGTATT-14,TEX
GCTGCAGTCGCGGATC-14,TEX
GCTTCCAAGGAGCGAG-14,TEX
GGAACTTCAAGTAATG-14,TEX
GGACAGATCGTGGTCG-14,TEX
GGACGTCGTCGGATCC-14,TEX
GGATTACAGGTCGGAT-14,TEX
GGCAATTAGCGCCTTG-14,TEX
GGCTCGAAGGAGCGAG-14,TEX
GGCTCGACATGAAGTA-14,TEX
GGCTCGAGTAAGCACG-14,TEX
GGGAATGCAACACCCG-14,TEX
GGGACCTGTCTAGGTT-14,TEX
GGGAGATTCGTTTGCC-14,TEX
GGGCATCAGCCACTAT-14,TEX
GGGCATCAGTCAAGGC-14,TEX
GGGTCTGAGACTACAA-14,TEX
GGGTCTGAGATCACGG-14,TEX
GGTGAAGCATTTGCCC-14,TEX
GGTGAAGGTGCCTGTG-14,TEX
GGTGTTAGTGAGGCTA-14,TEX
GTAACGTTCAACTCTT-14,TEX
GTAACTGTCGCCTGAG-14,TEX
GTACTTTTCTGGGCCA-14,TEX
GTCACAAAGTCCTCCT-14,TEX
GTGCAGCGTCAACATC-14,TEX
GTGCATACAATAGCAA-14,TEX
GTGCGGTTCAGCACAT-14,TEX
GTGCTTCGTCTCATCC-14,TEX
GTTAAGCCAGCTCGAC-14,TEX
GTTAAGCGTTAAAGTG-14,TEX
GTTAAGCTCTCCGGTT-14,TEX
GTTCTCGAGCCAGGAT-14,TEX
GTTCTCGTCCAAATGC-14,TEX
GTTTCTAGTCTCACCT-14,TEX
TACACGAAGTCGTACT-14,TEX
TACAGTGTCCGTAGGC-14,TEX
TACGGGCAGATAGGAG-14,TEX
TACTTACGTAGCTTGT-14,TEX
TAGAGCTCATCATCCC-14,TEX
TAGAGCTTCCAGAAGG-14,TEX
TAGCCGGTCAAGCCTA-14,TEX
TAGCCGGTCTCGAGTA-14,TEX
TATTACCGTCATCCCT-14,TEX
TCACAAGTCGAGAACG-14,TEX
TCATTACCATACTCTT-14,TEX
TCCACACCACACAGAG-14,TEX
TCGCGTTTCTCACATT-14,TEX
TCGTAGAAGTCATGCT-14,TEX
TCTCATAAGCAATATG-14,TEX
TCTCATACACGTTGGC-14,TEX
TCTTCGGGTAGTAGTA-14,TEX
TCTTTCCGTACAGTTC-14,TEX
TGACTAGTCAAGAAGT-14,TEX
TGAGAGGTCCGAGCCA-14,TEX
TGAGCATCAAATACAG-14,TEX
TGAGGGAGTTTGACTG-14,TEX
TGATTTCCAATGGAGC-14,TEX
TGCCCTAGTAAGTGTA-14,TEX
TGCGTGGGTCTAGCGC-14,TEX
TGGCCAGAGTGGGCTA-14,TEX
TGGCGCAAGCCACCTG-14,TEX
TGGTTAGAGGAGTTTA-14,TEX
TGGTTCCAGAACTGTA-14,TEX
TGTGGTAAGTTACGGG-14,TEX
TGTGTTTAGCCTTGAT-14,TEX
TTAGGACAGTACGTAA-14,TEX
TTAGGACTCACTCTTA-14,TEX
TTAGGACTCAGCACAT-14,TEX
TTCCCAGGTAAGCACG-14,TEX
TTGCCGTAGAGGTAGA-14,TEX
TTGCGTCGTCTTCAAG-14,TEX
TTGGCAAGTCAAGCGA-14,TEX
TTTACTGCACACATGT-14,TEX
TTTATGCGTGACTACT-14,TEX
TTTCCTCTCCACTGGG-14,TEX
AAAGATGGTGAGGCTA-15,TEX
AAAGTAGAGGCATTGG-15,TEX
AACCATGAGCGTGAGT-15,TEX
AACTGGTCAGACGCAA-15,TEX
AAGACCTCATCGGGTC-15,TEX
AAGGAGCGTCAGCTAT-15,TEX
AATCGGTAGGAGCGTT-15,TEX
AATCGGTAGTAACCCT-15,TEX
ACACCGGCACTAAGTC-15,TEX
ACACCGGGTCCATGAT-15,TEX
ACACCGGTCAACACCA-15,TEX
ACAGCCGTCCTTTCTC-15,TEX
ACAGCTACATGTCGAT-15,TEX
ACATCAGAGCTAGTGG-15,TEX
ACATCAGTCAAGATCC-15,TEX
ACCAGTACACAAGTAA-15,TEX
ACCAGTACACGTGAGA-15,TEX
ACCGTAAGTAAGAGAG-15,TEX
ACCTTTAGTCCGAAGA-15,TEX
ACGATGTTCTTCTGGC-15,TEX
ACGGCCATCACCAGGC-15,TEX
ACTTACTGTAAACGCG-15,TEX
ACTTGTTAGTACCGGA-15,TEX
ACTTTCAGTTCTCATT-15,TEX
AGACGTTTCTTGAGGT-15,TEX
AGCGGTCCAGGCAGTA-15,TEX
AGCGTATAGAGATGAG-15,TEX
AGGCCGTCAATGGAAT-15,TEX
AGGGAGTTCCTTTCTC-15,TEX
AGGGATGAGCTATGCT-15,TEX
AGGGATGCATATGAGA-15,TEX
AGGTCATGTCCTAGCG-15,TEX
AGGTCATTCATCTGCC-15,TEX
AGTGTCAAGGCTAGAC-15,TEX
AGTTGGTGTTGGTTTG-15,TEX
ATCATCTCAAGTCTAC-15,TEX
ATCATGGGTCAGATAA-15,TEX
ATCCGAAGTTGTCGCG-15,TEX
ATCCGAATCAACCAAC-15,TEX
ATCTACTGTTCAGACT-15,TEX
ATCTACTTCCTACAGA-15,TEX
ATCTGCCAGCTGATAA-15,TEX
ATTGGACAGCAAATCA-15,TEX
ATTGGACGTGAGTATA-15,TEX
CAGAATCAGGTAAACT-15,TEX
CAGCCGATCACCATAG-15,TEX
CATATTCAGCGCCTCA-15,TEX
CATGACAGTACCAGTT-15,TEX
CATGCCTGTACGAAAT-15,TEX
CATTATCAGCCAGTTT-15,TEX
CATTATCTCTGCGTAA-15,TEX
CCAATCCGTAATCACC-15,TEX
CCAGCGATCGCCATAA-15,TEX
CCATGTCGTGCAACGA-15,TEX
CCGTTCATCCTTTCTC-15,TEX
CCTACACTCCTGTAGA-15,TEX
CCTCAGTCACGTGAGA-15,TEX
CCTCAGTTCCGCAAGC-15,TEX
CCTTCGAAGACATAAC-15,TEX
CCTTCGATCACTGGGC-15,TEX
CCTTTCTAGTCGATAA-15,TEX
CGACCTTTCGACAGCC-15,TEX
CGAGCACTCTAACTCT-15,TEX
CGAGCCACATGTCTCC-15,TEX
CGATCGGTCAGCTGGC-15,TEX
CGATGTATCTCGCATC-15,TEX
CGCGTTTGTGAGCGAT-15,TEX
CGCGTTTGTGTTTGTG-15,TEX
CGGAGCTGTCTTGATG-15,TEX
CGGTTAAAGTAGGTGC-15,TEX
CGGTTAACATGGATGG-15,TEX
CGTAGCGTCTCACATT-15,TEX
CGTCAGGAGAGTACAT-15,TEX
CGTGAGCCACTTAAGC-15,TEX
CGTGAGCCAGCTGCAC-15,TEX
CGTGTCTCATGAAGTA-15,TEX
CGTGTCTTCGTGGGAA-15,TEX
CTAATGGGTTGTTTGG-15,TEX
CTACACCAGCTGGAAC-15,TEX
CTACACCTCGGAAATA-15,TEX
CTACCCAGTGATGCCC-15,TEX
CTCACACCAAGTCATC-15,TEX
CTCGAGGCATCTGGTA-15,TEX
CTCGTACCAGACGCAA-15,TEX
CTCTAATAGATGTTAG-15,TEX
CTCTGGTAGACAGACC-15,TEX
CTCTGGTGTATTACCG-15,TEX
CTGTGCTGTGTTTGTG-15,TEX
CTGTTTAAGCCCAGCT-15,TEX
GACCAATCAGACAAAT-15,TEX
GACCTGGTCGGTCCGA-15,TEX
GACTACAAGCCACTAT-15,TEX
GACTACATCGCCAGCA-15,TEX
GACTGCGAGGAGTACC-15,TEX
GACTGCGAGGCTAGGT-15,TEX
GACTGCGTCATCGGAT-15,TEX
GAGGTGACAGCCTTGG-15,TEX
GAGGTGATCACCGGGT-15,TEX
GATCGTACAGACAAGC-15,TEX
GCACATACAAATCCGT-15,TEX
GCACTCTAGCTAAGAT-15,TEX
GCAGCCAAGTCAAGGC-15,TEX
GCATACAGTCTTGTCC-15,TEX
GCATGCGAGCTGCCCA-15,TEX
GCGCCAATCTAACTGG-15,TEX
GCGCGATGTCTCTCGT-15,TEX
GCTGCAGCAAGCTGTT-15,TEX
GCTGCTTAGAGGGCTT-15,TEX
GGAAAGCAGAGGACGG-15,TEX
GGAATAAGTAAGGATT-15,TEX
GGACAAGCATCCTTGC-15,TEX
GGATTACAGCTACCTA-15,TEX
GGCCGATAGCCCGAAA-15,TEX
GGCGACTCAGACTCGC-15,TEX
GGGATGAGTCTGCCAG-15,TEX
GGTGTTAGTTCGTGAT-15,TEX
GGTGTTATCCAGATCA-15,TEX
GTCGGGTTCACAGTAC-15,TEX
GTGCGGTGTCTTCGTC-15,TEX
GTTCGGGGTACCGAGA-15,TEX
GTTTCTAAGCAGACTG-15,TEX
TAAGAGAAGGCGACAT-15,TEX
TAAGAGAAGTTTCCTT-15,TEX
TAAGAGAGTGTGCGTC-15,TEX
TAAGCGTAGGCATGGT-15,TEX
TACAGTGCATGGAATA-15,TEX
TACCTTAAGACGCAAC-15,TEX
TACGGATGTCAAAGAT-15,TEX
TACGGGCAGGATGGAA-15,TEX
TACTCATAGAAGGCCT-15,TEX
TACTTACCAAAGTCAA-15,TEX
TAGAGCTAGTTACCCA-15,TEX
TATGCCCAGTGAACGC-15,TEX
TCAATCTAGGTTACCT-15,TEX
TCAGCTCAGTACGTAA-15,TEX
TCAGGATGTCATCGGC-15,TEX
TCGGTAATCCCTGACT-15,TEX
TCTGAGATCTTGCATT-15,TEX
TCTTCGGTCCATGAAC-15,TEX
TGACAACTCGACAGCC-15,TEX
TGACTAGGTAAAGGAG-15,TEX
TGACTAGTCGTCCGTT-15,TEX
TGAGCCGTCGGGAGTA-15,TEX
TGCTACCAGTGTTGAA-15,TEX
TGGACGCTCCGATATG-15,TEX
TGGCTGGCAAGCGCTC-15,TEX
TGGGAAGAGCAAATCA-15,TEX
TGTCCCAAGGCCCTCA-15,TEX
TGTGGTAAGACTAAGT-15,TEX
TTAGGACAGAAACCAT-15,TEX
TTAGGCATCTACTATC-15,TEX
TTCTACATCGGTTAAC-15,TEX
AACACGTTCCTGCAGG-16,TEX
AACTCCCGTCCTCTTG-16,TEX
AACTGGTAGGCCGAAT-16,TEX
AACTGGTGTACTTGAC-16,TEX
AACTGGTGTCAACATC-16,TEX
AAGGCAGAGTGTTTGC-16,TEX
AAGTCTGCACGACGAA-16,TEX
AATCGGTAGCCGGTAA-16,TEX
ACACCCTAGGATGCGT-16,TEX
ACACCGGAGTGGGCTA-16,TEX
ACAGCCGCACACATGT-16,TEX
ACAGCTACAGACAGGT-16,TEX
ACAGCTATCGAGCCCA-16,TEX
ACATACGGTGATGATA-16,TEX
ACATGGTTCTACTCAT-16,TEX
ACCAGTAAGTCATGCT-16,TEX
ACGATACGTGTGAAAT-16,TEX
ACGGCCATCGCATGAT-16,TEX
ACGGGCTAGAGCTGCA-16,TEX
ACGGGCTCAGACAAGC-16,TEX
ACGGGTCTCTGATACG-16,TEX
ACGTCAATCTGCTTGC-16,TEX
ACTATCTTCCTTTACA-16,TEX
ACTGAACAGTGAACAT-16,TEX
ACTGAACCATGTTCCC-16,TEX
ACTGAGTTCTGTCAAG-16,TEX
ACTGATGTCAGCTGGC-16,TEX
ACTGCTCGTGGTCCGT-16,TEX
ACTGCTCGTGGTTTCA-16,TEX
ACTTACTAGGCTCTTA-16,TEX
ACTTGTTAGCAGATCG-16,TEX
ACTTGTTTCCCTTGCA-16,TEX
ACTTTCAGTACACCGC-16,TEX
AGCAGCCCAGCTGGCT-16,TEX
AGCATACTCCTCAATT-16,TEX
AGTAGTCAGTTTCCTT-16,TEX
AGTGAGGCATTTGCTT-16,TEX
AGTGGGATCAGTTCGA-16,TEX
AGTGTCATCTAACGGT-16,TEX
ATAGACCGTGGTCCGT-16,TEX
ATCATCTGTATTACCG-16,TEX
ATCATGGCATTGAGCT-16,TEX
ATCGAGTGTCTCTTAT-16,TEX
ATCTACTCAATCTACG-16,TEX
ATCTGCCAGAGCAATT-16,TEX
ATCTGCCAGTCCGTAT-16,TEX
ATTACTCAGGAATTAC-16,TEX
ATTATCCAGCAGGTCA-16,TEX
ATTGGACGTCTCTCTG-16,TEX
ATTGGACTCCTTTCTC-16,TEX
ATTTCTGCACGTAAGG-16,TEX
CAACCAATCATTTGGG-16,TEX
CAACCTCAGATGTTAG-16,TEX
CAACCTCCAAACAACA-16,TEX
CAAGGCCCAATAAGCA-16,TEX
CAAGTTGCAAGACGTG-16,TEX
CACACAAGTCCGTCAG-16,TEX
CACCACTCACAACGTT-16,TEX
CACCAGGGTCTTGCGG-16,TEX
CACCAGGTCCAGATCA-16,TEX
CAGAGAGCATGGTAGG-16,TEX
CAGCAGCAGTCTCAAC-16,TEX
CAGCCGAAGATGTTAG-16,TEX
CAGCGACCATGCCTAA-16,TEX
CAGCTGGTCATGCTCC-16,TEX
CATATTCAGACTGGGT-16,TEX
CATCAGAAGATAGGAG-16,TEX
CATGCCTTCCCAAGAT-16,TEX
CATGGCGCACTAGTAC-16,TEX
CATTATCAGTCCGGTC-16,TEX
CATTATCGTAAGGGCT-16,TEX
CCAATCCGTTAGAACA-16,TEX
CCATTCGTCTTTACAC-16,TEX
CCCAATCGTACTCTCC-16,TEX
CCCAATCTCCCAAGTA-16,TEX
CCCAGTTGTGTGACCC-16,TEX
CCGGTAGGTCGACTAT-16,TEX
CCGTGGAGTTCTGAAC-16,TEX
CCTACCATCGTACGGC-16,TEX
CCTCTGATCACTATTC-16,TEX
CGAACATGTCAAAGCG-16,TEX
CGAATGTTCGAATGGG-16,TEX
CGAGCACGTCTAAAGA-16,TEX
CGAGCACTCAATACCG-16,TEX
CGAGCCACAACTTGAC-16,TEX
CGATCGGAGACCTTTG-16,TEX
CGATGGCAGGGAGTAA-16,TEX
CGCCAAGCAACAACCT-16,TEX
CGGAGCTGTTAGTGGG-16,TEX
CGGGTCAAGGAATCGC-16,TEX
CGGTTAAGTCCAGTAT-16,TEX
CGTAGCGAGACGCTTT-16,TEX
CGTAGCGAGTTAAGTG-16,TEX
CGTCAGGTCACTTATC-16,TEX
CGTCCATCAAGCGATG-16,TEX
CGTCTACTCGTTTATC-16,TEX
CGTTCTGCATGAAGTA-16,TEX
CTAATGGAGCAGCCTC-16,TEX
CTACCCAGTCCCGACA-16,TEX
CTACCCAGTGCGATAG-16,TEX
CTACGTCTCATCATTC-16,TEX
CTAGAGTAGAAGAAGC-16,TEX
CTAGAGTCAAAGCAAT-16,TEX
CTCGAGGGTCTTTCAT-16,TEX
CTCGGGAAGGTAGCTG-16,TEX
CTCTAATAGCTCCTCT-16,TEX
CTGATCCTCAAACCAC-16,TEX
CTGTGCTGTCTACCTC-16,TEX
CTGTGCTGTCTCTTTA-16,TEX
CTGTGCTTCTGTCTAT-16,TEX
GAACCTAAGGCGTACA-16,TEX
GAACCTATCTTGCATT-16,TEX
GAATGAATCTGGTGTA-16,TEX
GACGCGTGTTGCGTTA-16,TEX
GACGGCTTCACCATAG-16,TEX
GACGGCTTCCTTTCTC-16,TEX
GACGTTACATGAACCT-16,TEX
GACGTTACATGGGAAC-16,TEX
GACTACATCGCGTTTC-16,TEX
GATCGATAGGTTACCT-16,TEX
GATCGATTCTATCGCC-16,TEX
GATCGTAAGAGATGAG-16,TEX
GATGAGGCAATCGGTT-16,TEX
GCAAACTGTCGGCTCA-16,TEX
GCACATAGTCAATACC-16,TEX
GCACTCTGTCATACTG-16,TEX
GCATACAGTCCGCTGA-16,TEX
GCATACAGTGCCTGCA-16,TEX
GCATACATCACCCGAG-16,TEX
GCATGCGAGTGAAGTT-16,TEX
GCATGCGCACTACAGT-16,TEX
GCCAAATAGATAGCAT-16,TEX
GCCTCTACAATGAATG-16,TEX
GCGACCACAAGTTAAG-16,TEX
GCGAGAACATGGTCAT-16,TEX
GCGCAGTTCTGCGGCA-16,TEX
GCGCCAAGTAGCGTAG-16,TEX
GCGGGTTTCCCTAACC-16,TEX
GCTGCGAGTCCTAGCG-16,TEX
GCTGCTTCAGCTCGCA-16,TEX
GCTGCTTGTCCGCTGA-16,TEX
GCTGCTTTCGGCTACG-16,TEX
GCTGGGTCAACACCTA-16,TEX
GCTTCCAAGGCTACGA-16,TEX
GGAAAGCGTGAAATCA-16,TEX
GGCAATTTCCAATGGT-16,TEX
GGCCGATCATCCAACA-16,TEX
GGCTCGAAGTCTCAAC-16,TEX
GGGAATGAGTGTCCCG-16,TEX
GGGACCTTCGCTGATA-16,TEX
GGGCACTCAGATGGCA-16,TEX
GGGCATCAGTAGTGCG-16,TEX
GGTATTGGTGATGTCT-16,TEX
GTATCTTAGGAACTGC-16,TEX
GTCACGGCACCGAAAG-16,TEX
GTGCAGCAGAGTACAT-16,TEX
GTGCAGCCATTCGACA-16,TEX
GTGCATACACGGCTAC-16,TEX
GTGCTTCTCTAAGCCA-16,TEX
GTGTTAGAGCTAGTTC-16,TEX
GTTAAGCGTGACGGTA-16,TEX
GTTACAGGTACTCTCC-16,TEX
GTTACAGGTCTCCACT-16,TEX
GTTCTCGGTAGTGAAT-16,TEX
TAAACCGCATCCGCGA-16,TEX
TAAGCGTGTCCGAATT-16,TEX
TACACGAAGGCCCGTT-16,TEX
TACAGTGAGTAGCGGT-16,TEX
TACCTATGTACACCGC-16,TEX
TACCTATGTCAGAAGC-16,TEX
TACTCGCCAATCTGCA-16,TEX
TACTTACTCACATGCA-16,TEX
TAGACCAGTTCGCTAA-16,TEX
TAGGCATAGACTCGGA-16,TEX
TAGTTGGGTCATTAGC-16,TEX
TCAACGAAGCAATATG-16,TEX
TCAATCTAGACTTTCG-16,TEX
TCACGAAGTTTGTTGG-16,TEX
TCAGATGCACCGAATT-16,TEX
TCAGGTACACTATCTT-16,TEX
TCAGGTATCGTCCAGG-16,TEX
TCATTTGCATTGTGCA-16,TEX
TCGCGAGAGTATTGGA-16,TEX
TCGGGACAGTGCAAGC-16,TEX
TGAAAGAAGGAATGGA-16,TEX
TGACTAGGTTCCTCCA-16,TEX
TGAGCATAGACGCACA-16,TEX
TGAGCATGTGTCTGAT-16,TEX
TGAGCCGCAAGGTGTG-16,TEX
TGCCAAACACGACGAA-16,TEX
TGCGGGTAGAATGTTG-16,TEX
TGCTACCTCTGAGGGA-16,TEX
TGGGAAGCAGCTCGCA-16,TEX
TGGTTAGGTCATACTG-16,TEX
TGGTTCCGTTTGGGCC-16,TEX
TGTCCCAGTCAGAAGC-16,TEX
TTCCCAGTCATAACCG-16,TEX
TTCGGTCAGTAGATGT-16,TEX
TTCGGTCTCTCTAAGG-16,TEX
TTGGAACCAGACGCAA-16,TEX
TTGGAACCATTTCACT-16,TEX
TTGTAGGAGAACAACT-16,TEX
TTGTAGGCAAGAGTCG-16,TEX
TTTCCTCGTACCGTAT-16,TEX
TTTCCTCGTAGGACAC-16,TEX
TTTGCGCGTCCAAGTT-16,TEX
TTTGGTTCATCTATGG-16,TEX
TTTGGTTGTATCACCA-16,TEX
